200743_s_at,204458_at,207574_s_at,208316_s_at,209304_x_at,209356_x_at,209946_at,212663_at,213001_at,218999_at,31826_at,Characteristics..Relapse..Metastasis.Bone.
1.311938764,0.1876762901,0.1364280228,-1.657829873,0.03331506851,0.5514235243,1.025002902,1.661178264,0.6452304479,1.301317984,1.219213561,1
1.466368382,0.1577345434,0.9020218477,-1.009627955,1.040214847,0.2393663219,0.8271795529,0.1792816183,0.8781366237,1.106697799,-0.241565182,1
1.435115909,0.7303756489,-0.2509276208,-1.201510669,-0.7580568041,0.6862588409,1.664716179,1.75271107,1.071091533,0.1219368726,1.864320811,1
0.3375971234,1.799237354,1.320520806,-1.533753077,2.418788873,1.788498412,1.32078586,1.082122409,2.103128276,0.4787596286,0.6845907698,1
2.013225555,0.3570855116,1.35092579,-1.708200124,1.265927208,1.531595938,2.005360967,0.9604676273,2.044108903,1.566982465,1.348183188,1
1.064096717,1.224227282,0.8066902341,-1.359965455,0.8524696931,1.705424178,1.351073372,-0.520502087,1.615518735,0.9408901867,-0.7366822554,1
1.430338797,1.359187688,1.584441709,-0.9468605263,2.114028742,1.037020264,0.8374048449,0.6236793597,0.4113582147,1.88261268,1.073504832,1
2.697516941,2.582795561,1.387795826,-0.1088201086,1.577432938,1.960110025,1.986141023,1.422394886,1.995336597,0.9044702482,1.303622651,1
0.8221553857,-0.06657481336,-1.215652217,0.3836770684,-1.514802675,0.163356979,2.151823527,0.6420141892,0.04279486322,-0.5744467718,0.6977739595,1
1.197910963,0.3999120264,0.2684187211,-1.36809347,-0.06291741472,0.9634912668,0.7462047446,0.7510995215,1.643449266,0.5375176384,1.07513529,1
1.067630438,0.8515777431,0.1193983159,-1.625369099,-0.04112011296,0.7401324509,1.020321226,2.128003137,1.050349084,0.7637920986,1.637336342,1
1.53927804,0.8872370407,0.6407161267,-1.569230107,0.4130331027,1.318956602,1.967520831,1.405318973,2.408232173,0.7197092787,1.260812166,1
1.498121564,1.015442043,0.724783533,-2.032197285,0.5984480282,0.8159460866,0.1728788489,-0.2778696438,0.6330950157,0.1911699735,-0.8999034588,0
0.8069711642,-0.04812640454,0.9165449505,-0.5739731561,0.3867725621,1.351259393,1.052670183,0.340722125,1.849113093,0.4314863992,0.6853561681,1
0.5409286546,-0.04537474221,0.4599940046,-1.533562577,0.2128517688,-1.272442602,0.4685405453,1.444723408,-0.1101153664,0.06457542603,0.6897093714,1
-0.4050952995,-0.8422108119,-0.158991401,1.110301637,-0.1013096931,-0.109492161,-1.55254905,-2.474282283,0.5104376394,-1.245256829,-1.09608463,0
-1.264649688,-1.50123082,-0.7746558665,0.2851834945,-0.4606377531,-0.3518262467,-1.015168988,-0.9059410914,0.3169210688,-0.7761070231,0.2222343413,0
-1.030540042,-2.419815989,-3.262161062,0.02772224989,-2.167088462,-0.5809813266,-1.132666442,-1.364292105,-3.476865953,-2.543352749,-1.328084053,0
0.6807106972,-1.099111664,-0.5111630714,0.6528711817,-0.7409257026,-0.6391299591,-0.9223941274,1.177655482,-1.298746837,-0.07618773182,0.632727057,0
-0.4028025731,-0.3949731293,-0.4974853271,-1.17803272,-0.2454813053,0.3660194121,-0.5801418057,-0.8491057498,1.201234968,-1.082585846,-0.4640210439,0
-0.3028018492,-1.434123953,-0.880035612,0.04513837951,-0.4690893773,-0.5922573922,-1.002208758,0.8580055795,-1.261758778,-0.3480439319,0.6148837074,0
-0.1275100984,0.3182793773,0.08883977182,0.08214918138,0.2730777289,-0.89863631,-1.011926063,-0.9982167576,-1.874595148,-0.3638589254,-1.4759056,0
1.707159756,-0.5280699754,-0.2079353277,-0.2932757514,-0.07935155395,-0.8132330218,-0.7589811796,1.435661177,-1.195590343,-0.2846503734,1.771855106,0
-0.9741130985,-0.08129610283,1.08288357,-1.002061671,1.189602187,-0.2324559624,-0.3894155298,-1.332158492,0.3720466509,-1.222139805,-1.481091971,0
0.03922405708,-0.5020383762,0.9710356694,-0.5313254972,1.188887992,-1.97E-05,1.01760923,0.042319325,0.7602279461,0.8793095581,-0.3317067864,0
-0.5853678008,-1.457751228,-0.5781325217,0.5189054628,-0.6962358728,-1.498743966,-0.7510385529,-0.3667432755,-0.6820687035,-0.4976392675,-0.7345495048,0
-1.182490065,-0.04848830117,-1.057582599,0.06376345375,-0.8178423759,-1.376840592,-1.255915623,-1.415789375,0.09078793759,-0.233156227,-2.715312796,0
0.5242015744,1.762552683,1.12430148,0.784736512,1.051626646,0.9547177549,1.764112899,1.716248492,0.4295595894,0.7553138325,1.569530816,0
-1.647556559,-0.2132677417,-0.221065528,2.324514336,0.1443369367,0.8507125674,0.3922474131,0.6422475654,0.5286035407,-0.5272637552,0.5711204608,1
0.05380694696,-0.02186394026,-0.4350668523,-0.5907835922,-0.160788908,0.5562273725,0.7453903263,1.978829676,0.712788256,-0.8166299081,0.5709649892,0
-1.318182574,-0.1489187766,-1.455856551,1.061807083,-0.9142452702,-2.13807634,-0.2525735932,0.2696311084,-1.305013795,-1.653377692,-0.09033521984,0
0.4587187209,-1.403136034,-0.587611394,0.6818834105,-0.5791423914,-1.995566803,-1.675206671,-0.03151961511,-1.516434947,-0.6140727336,-0.6294786456,0
0.8381948875,-1.059673251,0.02035798306,0.5034651639,-0.001925562101,0.2013630384,0.2136145114,-0.2660200454,1.236435171,-0.07180026816,0.06206675857,0
-3.425629373,-2.46981804,-0.9637245459,0.9300101372,-0.6716315748,-2.873178932,-1.23907011,-2.343930126,-2.789358186,-1.23244835,-2.727164511,0
-1.713391587,-0.3579972767,0.112056882,1.300213406,0.8473267246,-1.832559367,-2.172514731,-1.109109934,-1.275890177,0.1638355024,-1.109084443,0
0.5296494948,-0.4815246608,0.05100494076,0.2528863556,0.2956179464,0.1412295742,-0.3098581697,0.1605030452,0.7438487191,-0.1921562552,0.2564420676,0
-1.151422065,-1.095544695,-0.5139178541,0.9671992279,-0.1858814624,-0.6315640022,0.2834054067,-1.181689957,0.5510818186,-0.5428289287,-1.76464815,0
-1.997033228,-0.1087503302,-1.597895381,1.656434437,-1.023626214,-1.442172095,-1.967261658,-0.7984532361,-1.858477241,-1.245569104,-0.8422833124,0
0.7990676068,0.2071313539,-0.8886861881,1.122684161,-0.465627543,2.015847711,-0.3617416946,1.316432194,0.2625546163,-0.7246128767,0.02438284798,0
0.9070892796,-0.6347566868,0.1770688234,0.1684409625,0.4220591463,-0.6736396609,-0.6011331503,0.8138810277,0.05874249784,0.4872170764,0.5400660163,0
1.37952508,-0.5227455192,-0.6063194088,0.7796711561,-0.6595821704,0.6403176181,-0.182554923,-0.2931409987,0.5167554426,0.2711956451,0.1773907668,0
0.4411004242,-0.2366911892,0.2883846913,-1.054705714,0.4849331798,-0.2122620336,0.5229295945,1.398297963,0.8414016074,0.8046498117,0.1635219077,0
0.2753748767,-1.069683644,-0.938379304,0.1940657041,-0.9580370911,0.1928962733,-0.8264812161,-0.7667206361,0.9505235367,-1.353184271,0.1425731136,0
0.1424853877,-0.2090830518,0.8481701887,0.8940568566,0.7556647052,-0.3434219413,0.7470355495,0.7474115189,0.2882716109,-1.282311727,1.542363161,0
0.5330250972,-1.07826517,-0.09054373683,0.7629803932,-0.1819773252,-1.561731146,-2.506767072,-1.115565582,-1.156147527,-0.9854475043,-1.800566064,0
-0.1465682369,-0.6698461012,1.558648195,-0.3905530537,1.844059279,-0.8431706705,-0.4711392097,0.6508594789,-0.3863628782,0.4545357635,0.1204363575,0
-0.2577714568,-0.8594383395,-0.02291971543,0.1496131764,-0.1207978289,-0.1278497733,0.4803192951,0.1937772436,-0.8285192366,0.6832546429,0.6735483036,0
1.447329409,-0.2732032317,1.150056217,-2.161500629,0.988268185,0.009023118792,-0.1583878386,0.575331026,0.1435439001,1.145737378,0.4310844498,0
-0.01676446545,-0.7080178765,-0.5503365159,1.234268529,-0.8352721755,-1.398490527,-0.1312236294,-0.2410323485,-1.01280446,0.8900414087,0.05240759054,0
-1.587916924,-1.627125091,-0.7915102972,2.305618165,-1.303711202,-0.7539198622,-2.362303688,-1.281482969,-0.6141537972,-1.651830196,-0.490216006,0
-0.7696627552,0.6818232639,0.1344705139,-0.2743575997,0.5811618336,0.3627340296,0.660800615,1.930340002,0.9929673971,-0.4094510745,0.4066235935,1
0.197748,-1.006661634,-1.770551698,0.04695545992,-2.131784645,0.1899162496,-0.6090413649,0.2712483075,0.3850488153,-0.9478166328,1.117543144,0
-0.02843652714,-0.6213457128,-0.5194274196,0.3636769723,-0.8371198912,0.1940302646,-1.076633808,-0.5726205981,0.1439542085,-0.3481081217,-1.031707451,1
2.460012527,-0.7653660136,0.07739408395,0.7567598236,0.08296405257,-1.47789768,-0.1976470607,0.9381818361,-0.5270679113,0.3925075406,1.271970239,0
1.610199231,-0.09393336686,0.1212596556,-1.387001853,0.1748558398,0.05152905568,-0.818441908,-0.1522408915,0.4984866686,1.097621006,0.04715743607,0
-0.03589926773,-0.4549647757,-0.3120819357,0.1096911381,-0.918509377,0.2938964532,0.2109565909,1.112454751,1.176408355,0.2268682098,0.6145249269,0
-1.060400587,-0.818202922,-1.180375177,1.26235268,-1.262081113,-2.191065798,-1.877149633,-0.2553636243,-0.4275533469,-0.9579100545,-0.5783205345,0
-1.148621441,-0.9921171327,0.7260957775,-0.8747243877,0.3834581621,-0.4460557905,-0.3700907111,-0.8464925929,-0.4026676112,0.8731768242,-0.5917349383,0
0.194863525,-0.7151143783,0.05552179169,-0.09922670554,0.01652670398,-0.02569617018,-0.08890337437,-1.469742026,0.2967793021,-0.6381907723,-0.8224228192,0
-1.451637458,-1.141863304,-0.4647583223,-1.099583204,-0.8712097683,-1.791867538,-1.960410385,-0.2438591598,-1.188328948,0.08053614792,-0.0658544312,0
-0.1822216897,-1.55466257,0.1355888688,3.033502967,0.1024272968,-1.851380569,-2.065975054,-1.19785866,-2.798736157,-2.194425346,-0.8917113043,0
-0.06096353485,-0.9057819072,-1.181772733,2.840062057,-1.116199645,-1.730569547,-1.771696394,-0.6549071021,-1.318017142,-2.102432602,-0.5355100494,0
-0.5848167798,-0.6103598621,-0.3425923951,-0.6895116281,-0.4225805526,-0.729702138,-0.5501345064,0.07376595695,-0.6657261323,1.370708957,0.7400542468,0
-0.1249969636,-1.576370129,0.5879797205,-0.7861807945,0.4771880915,-1.600961417,-1.489748715,-0.4115285123,-1.153390066,0.8936672683,-0.173181621,0
-1.122426383,-1.356509605,-1.99184482,-0.4949521389,-0.9161370248,-2.072031408,-0.5983293883,-0.9048070799,-0.7628403335,-0.6250717528,-1.104352527,0
0.130020335,-0.4043762021,1.548879264,-0.4505948614,1.379928399,0.441048831,0.2229041236,0.2937904839,-0.0156155509,0.3097286444,-0.1592569516,1
0.2566377678,-0.3491120904,0.9368630241,-0.9421834981,1.41395509,0.02740987905,1.341588758,0.549731949,1.497678639,0.5062623812,-0.5375032743,0
-1.122828868,-1.174995565,-0.5034167961,0.3561522078,0.09358315267,-0.01383853503,-0.06217177366,-0.09336104225,-0.2675579074,0.5548020592,-0.5275012716,0
-0.5413172675,0.6894771697,-0.8910764585,0.6004664849,-0.817756213,-0.03204346803,-1.1479798,0.1386741456,0.2524636314,-1.760385658,-0.5023427865,0
-1.757755963,-0.02993173934,1.567488007,0.2078232497,1.289801994,-2.468495319,-2.006958404,-1.346161069,-1.229910806,-0.5217052603,-0.4757770846,1
1.895843712,0.1001721801,2.232800606,-1.464047039,2.608339618,0.9158344831,0.9389990202,0.9642936835,1.779230599,1.1631363,1.123271672,1
-0.8570810349,-1.135584189,1.867821368,-0.1120390763,2.232146604,-0.5248605538,-1.715858761,-0.1418770125,-0.6136441634,-1.375234356,-0.1430241277,0
0.06844014746,0.6206502537,-1.444395352,-0.9353230426,-1.58026734,-2.381609653,-0.3704069741,-1.220272644,-1.806540713,0.4807009382,-0.2695779652,0
-1.358356794,-0.1839187567,-0.4084915751,-0.3466573732,-0.3645220685,-1.35927136,0.04889226738,-0.2100689041,-0.8995025875,-1.493314205,-0.4530862119,0
-1.398296232,-0.4378225225,-1.204200325,-0.3955182748,-1.30532915,-1.604775625,0.165832574,-1.78696613,-0.9326216872,-0.5020076476,-2.220933216,0
-1.299838367,-1.639778994,-2.214689059,-1.040371783,-1.762245323,-1.530565123,-0.9091667945,-0.7227801557,-0.1646036107,-0.8556729565,-0.621142979,0
0.06118104505,0.4411037667,1.879071615,-0.6830419425,1.686009694,0.4678010328,0.5111655927,0.3851063491,-0.3244453324,-0.1793044044,0.1721605445,0
0.3335363384,0.2807710791,1.465151552,0.2592534639,1.37589406,0.5962599036,0.4446536733,1.753516383,0.005408319763,0.358374149,0.4040124688,0
-0.6703687755,-0.08227987931,1.136659224,-1.93998778,1.189820466,-0.7451768862,-0.6580408331,0.8511522057,-0.01244423363,0.01624046164,0.4762070759,1
0.7914275812,-3.37E-05,0.3809770333,-1.362659325,0.4942694099,1.404797109,1.10663154,0.8368735218,2.137746716,0.6692595186,0.222178531,0
0.7295575087,-0.6417803933,-0.05395755446,0.3469862094,0.1013224968,0.05569859051,0.04658502201,0.02251192413,-0.5125569473,0.571838395,-0.4354820493,0
-2.488309154,-0.3346112667,-0.3528002921,-0.2399844952,-0.2672900955,-0.5122631177,-0.2685669986,-1.283146186,-0.1466103464,-1.594010746,-1.769176757,0
0.6475080898,-2.202303633,-1.940890647,0.1191086947,-2.093371304,-1.916324822,-1.055414689,-0.8174158806,0.3279651044,0.3331006928,-0.7553787053,0
-0.939501794,-2.033724278,0.2123846414,-0.2191247051,0.005398285336,0.0639044127,-0.5844138147,-0.7858969349,-0.041052306,-0.3612236715,-0.8158850414,0
-3.290013528,-1.425074457,-2.210820575,0.195198937,-1.256704547,-1.952801311,-0.9023810679,-1.502519889,-2.247410571,-2.068172566,-1.132740036,0
-0.4541936641,0.520302973,0.2064795413,-1.413864847,0.1162076184,0.0484907362,0.1720595146,-0.7056845214,0.2494933297,0.03051836828,-0.4294306184,1
0.6506944285,0.3386745404,0.0009767837248,-1.144297059,0.1950122168,0.2566440747,-0.5056348222,0.6981000971,-0.4045228672,-0.7801631283,0.3273769566,0
-2.206816496,-0.1810069447,-0.1827715665,-1.028150452,-0.3050888072,-0.5532839007,0.2265649093,-1.17886972,-0.594728592,0.2985526694,-0.7895146755,0
-0.1628065855,-1.588146328,-0.05797959927,1.090079291,-0.2483744644,-0.5474251769,0.07328384934,-1.977772604,-0.1675478986,-0.5318680765,-1.488072245,0
1.47351728,-0.06206150477,-0.0286603972,-0.8228374611,0.462551885,0.2434178772,-1.143732371,1.145245762,0.05856394866,-0.2933298833,0.9821035098,0
-3.505678346,-0.7374479762,-1.640436299,-0.01516719789,-1.59886704,-1.596279712,-1.005599164,-1.3282404,-1.529104844,-2.579326828,-0.7092116294,0
-0.8107761071,-0.3054265911,-1.008300529,-1.729802377,-1.120553744,-2.375349799,-2.020482336,-0.8114105501,-2.350254901,0.1451892156,-0.6996840142,0
-1.571795967,-1.944287973,-1.623628402,1.378682461,-1.390295354,-0.7497614313,-1.250486714,-2.254527289,-0.6838281816,-1.25254498,-2.121662641,0
-0.6460040655,-0.646308261,0.3850874918,1.606008013,0.2935136567,-0.6338972206,-0.8006639925,-0.7493061638,-0.2659284983,-0.8599233662,-0.7880396891,0
0.4682441965,-0.2334985954,0.06337509399,-1.003707789,-0.1607065745,0.7745213973,1.001907507,0.4399004699,1.454254532,1.395625032,0.2225731896,0
0.4547274125,0.6946477158,-1.017849201,0.7212950055,-0.8682802293,1.089836222,0.7256656725,0.1566474061,-0.09669461656,0.1037052176,-0.4397036997,0
-0.7796913369,-0.8085149076,-0.93131552,0.6712569093,-0.5806186493,-0.6674020146,-0.1991153077,-1.500994726,-1.038918756,-1.147006442,-1.225034323,0
0.7207435689,0.1222769928,1.843881437,0.06556588029,1.692290013,0.4259571692,0.5469147866,0.3074084829,1.334809858,0.8592632383,-0.2501280763,0
0.2972000987,-0.5969197699,-0.1192673102,1.541775197,0.2371324772,0.1013663784,0.6854953506,0.8836802573,0.9436168759,-0.0608168627,0.5663048293,0
-0.7133555988,-0.9779636466,-0.1530444208,1.253753298,0.0004869994077,-2.278814796,-2.512459807,-1.531866135,-2.246125254,-1.638907216,-1.105002318,0
-0.9089800235,-0.5225375326,1.284617115,0.2567647476,1.592124672,0.4260265689,-0.5638714652,-0.2821788875,0.6507808444,1.055418775,-0.8841091444,1
-0.2456561826,-0.2206367058,-0.04533489843,1.487917324,-0.2262899529,-1.157996922,-0.7842265079,-0.2982358329,-0.7011722837,0.2469752497,-1.065982947,0
-0.8668844168,-1.38848962,0.4203179984,-1.542044727,0.368506025,0.4280405486,-0.3770452206,-1.250000181,0.06209709408,-0.5197743599,-0.9852692962,0
-3.701688485,-1.573761977,-1.536241607,-0.5151696008,-1.059060232,-1.840920644,-2.071823462,-3.343546472,-1.610383743,-1.900749798,-4.133348824,0
0.4496292706,-0.2926707747,-1.204321312,0.1730276252,0.08459540368,-1.140356902,-1.418704238,0.8540217478,-1.094610729,-0.610783437,0.1748155202,0
1.458630131,0.8935244747,0.2433294135,1.295980879,0.6524587703,0.7981589399,0.4285488384,1.528314847,1.053009585,0.570601439,0.5963746207,0
1.780452733,0.9535951561,-0.2123063737,-0.2236283292,0.5755363528,0.245898223,0.3274085743,1.691868888,-0.2494724123,1.045103291,0.5952384825,0
0.7604554109,-0.2816308476,0.4946924783,-0.01937530213,0.3884422078,2.107545554,1.270593441,-0.02888016226,2.411100785,-0.1278536295,-0.01419402738,1
0.07984867738,0.5979152417,-0.2375957754,-0.005905949329,-0.6467151757,0.7652079556,-0.8586351712,-0.8552392729,-0.06864111085,-0.9298556161,-0.6334172581,0
-0.5648961737,-0.3389269881,0.1638160849,-1.19772997,-0.1434701629,-0.9283796395,0.01036716883,-0.3145031457,-0.5297603384,-0.5543501411,-0.8660584994,0
-1.002569738,-0.2602269496,-0.2532062108,0.2613758334,-0.7946071109,0.1649004286,0.6348473819,-0.6130933042,0.1582215889,-1.50673162,-0.6408121226,0
-0.3829993585,-0.1409612104,-1.066422411,0.5753888213,-1.338559312,-0.4044936897,-0.6590076476,-0.5290679825,-0.7399399228,0.5937149931,-0.4047704395,0
2.170712141,0.6828923149,0.2291739253,-1.457406392,0.05625355015,0.7150028144,-1.138062578,-1.870143409,-1.280735836,-0.4727492156,-1.930986757,0
-0.3502136105,1.397357383,-1.61399752,0.1375017493,-1.944146716,0.8061648909,0.156744518,-0.3700697092,-1.093259194,-1.771284055,-0.02111450435,0
-0.5506415007,2.778806265,0.58393596,0.7207870045,0.4663870919,0.214092334,-0.5388506345,-0.3444147534,-0.4894330544,-1.194473976,0.3973630704,0
-0.6102787403,1.896595868,-0.9116969998,1.837387804,-1.135027199,-0.4384190459,-0.3371501951,0.2648288163,-0.2821291761,-0.6432218694,0.8139909324,0
-0.7977744079,-1.005099654,0.3351012149,-0.6882709334,-0.02486595848,-0.9359914001,-0.5586375577,-0.9215017014,-1.490074702,-0.8611013368,-0.7156656917,0
0.8871159671,0.5987222296,0.6325262322,0.9949072619,0.5035022445,-0.9420791431,0.3824039309,-0.3557088506,1.089808454,0.5840275289,-0.800923895,0
-0.4042567894,0.1437183284,0.2090466389,-0.7120004405,0.09106145147,0.1033109584,0.08054806721,-0.779382121,0.06451046416,0.1579734068,-1.428415023,0
-0.1231474497,-0.354555099,1.788885054,-0.5155212938,1.1412916,0.06690109236,0.8269698034,-0.5238712516,0.2480684836,0.009366942064,-0.0345966778,0
-0.3126507502,0.2202303481,1.598721287,1.297959152,1.272266884,0.3881176691,0.9433201893,0.1320311391,0.4737830293,0.14813154,0.4515269648,0
0.09439083962,-0.6371568519,2.829310335,-0.08691989343,2.696237276,0.6200862135,1.159093515,-0.9054907738,0.8678351635,0.8223471295,-0.469143632,0
0.07748647442,-0.9699228858,1.022628903,0.4696513489,0.7435501999,-0.2740069592,-0.4044880035,-0.5601727675,0.4011229715,0.3425487462,-0.4366939301,0
0.5152846176,-0.5863686112,0.8698113647,-0.4473392589,0.3695706156,0.5469514067,1.054664443,-0.5835662743,1.165938987,0.3036791839,-0.7743422473,0
0.9402583465,-0.1800772447,0.5877827287,-1.012854249,0.2823660907,1.442116111,0.3669037647,-0.04361245079,1.360772801,0.8000767179,-0.2537118947,0
0.6209464831,-0.3111150238,-0.01101179488,0.8599572911,-0.192676844,0.3421875503,-0.9371847501,0.3525881584,0.2690367794,-0.2889233362,0.3130018183,0
0.6100985571,0.8672786494,-0.8325993705,0.3274892296,-1.167169794,0.0874517357,-0.9203507077,0.1197772409,-0.9084808918,-0.2542746908,0.6799784473,1
-1.654738998,-0.7673231673,0.1522974946,-1.111763016,-0.0368540915,-1.397375967,-0.9975303596,-0.1871947416,-0.9246744749,-0.7853642418,-0.4605767512,0
-0.4500154877,-0.4331033073,3.239174229,-0.1072790095,3.102577735,0.06556167788,0.5241012425,-0.06652934406,0.8597507876,0.7258038456,0.007723473987,0
-1.018439142,-0.6752017554,0.09547544775,-2.134823251,-0.1823219768,0.2820915619,0.8650704868,-1.172374628,0.8877463535,0.3737502227,-0.8407525157,0
0.9680082419,-0.0639521027,0.6214419544,0.1038515692,0.3720272159,-0.5432001223,-0.426206917,-1.13947186,0.003834485576,0.2276957385,-0.942590364,0
-1.042578652,-0.5989393195,0.4352955783,-0.2070108357,0.05407458587,0.1032929144,0.3353741423,-1.051738813,0.398203515,-0.1444371665,-1.088382808,0
0.9093245081,3.629044967,-0.7826813427,-2.378219219,-1.22318526,1.114925607,-0.6516746056,-1.290193492,-0.5785468333,-0.7415884923,-1.205684096,0
0.8722527752,-0.03092799501,0.6820533786,-0.3451895435,0.3420693291,0.6413919257,0.5886287343,-0.3130174263,-0.1440219744,-0.3073128636,-0.06949804638,0
-0.6362725559,-0.2193139113,0.9286886407,1.148006056,0.6401030089,0.04095809123,-1.695549103,-0.1845487148,-0.596211378,-2.128229987,0.1934960242,0
-1.197173576,-1.020765203,1.53304857,1.332698603,1.328060241,-0.3915298231,-1.158698331,-0.6960569281,0.0317567399,-2.267280837,-0.8301764642,0
0.362405046,0.8983185652,0.39110117,-0.5971751237,-0.1831127609,0.3439239311,0.0132168135,-0.5937460819,0.1386757744,-0.3898193866,-0.3730821495,0
-0.1693589436,0.2223497313,1.546264082,-0.3546119846,1.206873064,0.2967820933,-0.06155727293,-0.4510348434,0.8642239767,-0.08564445953,0.4683737019,0
-0.3926110808,0.378778511,0.0650316863,-1.100569899,-0.2555776838,-0.9701443874,-1.120235502,0.06592319915,-0.1665901182,-0.7548653841,0.1220070188,0
-1.434845693,-1.207853283,-0.6325317247,-0.935865236,-0.6910641834,-0.6898292262,-1.614743077,-0.5075842168,-2.42991385,-2.035187652,0.4075843279,0
-1.300830205,-0.3953787031,0.5883814596,0.6895522714,0.2894410231,-1.049428009,-0.3193476995,-2.222797976,-1.379085692,-1.729831285,-1.668447142,0
-0.1320021172,-0.1010735458,1.846333752,-0.2238530219,1.757563205,0.535969596,-0.03188590077,-0.6181585556,-0.126182428,-1.29563893,-0.5817050304,0
0.0559798862,-2.013545421,0.843842574,-0.3230402125,0.4845712956,-0.2003752506,0.7978342758,-1.340684944,-0.0775662051,-1.01865448,-0.5746609735,0
-1.787139755,-1.360752531,0.9257011905,0.3193660987,0.6269507192,-0.9543517885,0.04446622352,-1.063272861,-0.8287770096,-1.756046771,-0.9172365428,0
-0.02220519864,-0.2048442855,0.7816955446,0.647901076,0.229471637,-0.04457983239,1.078144925,-0.2496574099,0.2862318934,-0.3421193813,0.1007432952,0
-0.07000267458,0.8513094405,-0.4323492964,-0.4841253681,-0.7018594388,0.6050306395,0.4630395348,-0.3628744884,0.5611337828,-1.00835808,0.7661854256,0
2.242469446,4.002852991,2.417250061,-1.829856588,2.260030837,3.045353606,1.65762566,0.7539098978,1.189458999,1.402607848,0.7559841004,0
0.4428301509,-0.2819594663,0.6562350462,1.577286419,0.6783899771,0.1275800384,-1.599154423,-0.2913791721,-1.330112371,-1.603472679,0.3527666558,0
0.7072890741,2.205206342,1.645343192,-0.09048566952,1.923815499,0.8966524021,0.6894445419,-0.1244099484,0.5658659274,0.7721575987,0.1037450919,1
0.2694885352,0.1271189202,-0.2650908646,-1.514495444,-0.5990632565,-1.007889504,-0.6432846224,-0.414552543,-0.1506306591,-0.9467722464,-0.6032796971,0
0.2666160389,-0.7878348029,-1.514028069,-1.005471139,-2.137086536,-0.41316449,-0.4117964654,-0.5863700767,-0.08178753346,1.157298492,0.3886805826,0
-0.9997667185,-0.2015393789,-1.154696445,1.035718302,-1.381328667,-0.3627830735,-1.475580786,0.2647269196,-1.132106057,-1.840095585,0.4522046612,0
0.698748249,-0.7594737541,0.3487789592,-1.013682193,-0.02886391755,0.2853089326,1.171126258,-0.9421472846,-1.002027657,1.056019037,0.2635419348,1
-0.5130187468,-1.221607435,3.293122057,0.01154437266,3.113346184,0.09896514827,0.1708419839,-0.9707999752,0.382188481,-0.2575084719,-0.5878880142,0
0.2137276083,-0.9072835703,1.764561998,-1.234970349,1.732160464,-0.1959544888,0.6292726313,-0.6752995872,0.3032673773,-0.6110905074,-0.3736561983,0
1.161148281,0.2553447209,1.5633791,-0.2605780732,1.289051419,-0.2690198958,-0.9644800528,-0.9727721691,-0.4245416597,0.3093278915,-0.8442526186,0
0.9058219313,1.521806148,-0.5448393594,-0.2758449679,-0.6291111356,-0.5457776277,0.9618813884,0.3181832356,-0.1521276344,1.366031772,-0.1801260166,0
0.7272575951,-0.1741496274,-0.261205318,0.194932725,-0.156113134,-1.857916634,0.007465086753,1.43135522,-1.376907629,1.733336559,1.770224648,0
3.806913823,3.603487577,1.735072173,-0.604643715,1.271127619,0.7564163998,1.722497272,4.660369148,0.8077137516,3.477612724,5.186735764,0
-0.8712710229,0.3214844503,-0.9568934293,0.02218552772,-1.333960128,-1.049311417,0.4102580196,-0.9797504486,-1.119611162,-0.4995441449,-0.7183206674,0
1.215661025,0.3684914952,0.368605329,-0.8856268702,0.06694158058,-0.3666000578,0.0392241227,0.1978991288,0.550750734,1.379199367,-0.07895789192,0
-0.3415482067,-1.003485679,1.958906025,0.8695018479,1.664505346,-0.4089172275,1.617976435,-0.8705303497,-0.4842976962,-1.248041281,-0.8844479927,0
-0.1991500124,0.05911979076,1.013294284,0.5404442157,0.9395803961,0.1770342747,-0.7919577463,-0.6278979065,-1.155946512,-2.237123747,-0.4025619463,0
0.1066546499,2.997618537,0.4539275884,-0.1846661197,0.4736496679,1.75945602,-0.8335848445,-0.9314514196,-0.2824082331,0.5847613751,-1.085197635,0
-1.904617427,-0.7118365099,0.2843223175,0.5144702235,0.2534459883,-1.399102632,-2.268070412,-1.191761294,-1.861958359,-3.116314907,-1.066800169,0
0.0760657986,0.0096397856,1.44097275,0.5998021759,1.442086323,-0.2320020883,1.033258515,-0.2675156258,0.1137072675,0.5364177364,-0.3434867457,0
-0.9236994708,0.8758123384,0.4319854959,0.5148072626,0.8832451701,-1.538151899,-0.6569101518,0.8132630736,-1.028298035,0.02336033149,-0.2783800465,0
0.1327011718,1.352309572,1.020744296,0.3866713433,1.14425369,1.488268309,0.2396316526,-0.569090371,0.03045132071,-0.1839139302,-0.09683313312,0
-0.4598356398,0.436359593,-0.006228151922,-0.2278291065,0.5691526385,1.111773472,-0.7864108531,-0.7001097866,-0.3444215569,-0.2165605459,-0.7628931633,0
1.487903719,0.2694441305,-0.3021966709,-0.4897280327,-0.2751309204,-0.4335166501,1.122107126,0.4249939709,0.6654277896,0.01903705769,0.1781123142,0
0.2298916888,-0.2283717264,0.6754735429,-0.680699765,0.4325901687,0.5227586664,0.8289460377,0.6360844595,0.5306479879,0.02321807288,1.138069374,0
0.2881753335,-0.9373209908,0.5351983318,0.4131167018,0.5011777606,0.6876968029,0.6411578946,-0.3452923797,1.409987341,-0.1468434188,0.08703389409,0
-0.4886372665,-2.011505073,-0.6910103639,0.1273637106,-0.777372614,-0.1692827907,1.572503381,-0.4098422865,0.8821025439,-0.2289387797,-0.5964668543,0
-0.1393522579,-0.3631303853,-0.4151458644,0.05115379491,-0.6958548412,0.3633197632,-0.2419369953,0.4184725831,0.4332003373,-0.2178981238,0.4695217995,0
-0.8680247906,-0.3990829439,-0.3753504223,0.5499423686,0.02180944779,0.446393997,-1.149606998,0.5165596473,1.088154213,-0.1947568119,0.6136439215,0
-0.3057198646,-0.775318171,0.0951962468,-1.178709241,0.05128482228,-0.1478951868,0.02692591493,-0.1134642722,-0.1470029181,-0.3425340131,0.1853397478,0
1.035139367,-0.8620714495,0.6613909571,1.011097351,1.091060538,-0.3822149935,0.4485700912,-0.3732876723,0.1730991109,-0.2506679146,-0.5916552093,0
-0.2207452431,-0.6217076094,0.7444377288,0.3777471339,0.8697137636,1.33549733,0.485037022,-0.08450589158,1.457767576,-0.9485105772,-0.07049465885,0
0.9022930013,0.1753322871,0.8216166272,0.1437296458,0.7235757224,1.670467542,1.280164905,0.5237680161,1.937395614,-0.005547658592,-0.4863571225,0
1.175295145,1.681560633,0.4881545227,0.3778130763,0.3835213483,1.030865897,1.42279298,-0.45113674,1.93619425,0.3278752913,0.06646779922,0
-0.3335464238,-0.1537024677,-0.4511178047,1.313919663,-0.1508878321,-1.255635379,-1.128340357,0.05897778959,-0.8899460677,0.8534202262,-0.07981099219,0
0.1028238563,1.998692316,0.8784991676,-1.572595613,0.8411344834,1.19042278,1.391551763,0.1435849085,1.545416305,-0.03678903682,0.2303387939,0
-0.2483418109,0.1110332388,0.3644436837,0.8549676469,0.5975212983,0.4402868222,-0.03154341904,0.3519800653,0.05759316138,-0.1578684609,0.5328306098,0
0.5269854282,1.075660395,-1.373275114,0.0007444672942,-1.366786282,0.3317956371,-0.002829029331,-0.3097698803,-0.6672644932,-0.5814955123,-0.1876165559,0
1.170762399,0.1701575812,-0.328305062,0.1738213767,-0.05252616765,0.4201275932,1.260568067,0.500456684,0.550054274,-0.7356864949,0.5061213957,0
0.7488767832,-1.262196014,-0.1634694741,0.1854834184,-0.3051271018,0.4486453237,0.6462000778,-0.2462718103,-0.4268746235,0.3399030831,-0.1245668648,0
-0.5703249282,-0.08186390617,-0.1827715665,0.2785379625,-0.2101085582,-0.07729624561,0.3137551876,0.9762714745,-0.107913654,1.425461173,1.483283973,0
-0.3416799726,-0.05992340283,0.1618539227,-0.06810431882,0.08453413228,0.08316144537,0.425153517,-1.183826501,-0.01152547392,1.101638944,-0.7568497053,0
-0.7681486454,0.177006579,0.2444167461,-0.06119257478,0.08799405184,0.2866067073,0.05743792408,-0.2489079762,1.389428172,-0.2645780307,-0.8556020414,0
-1.031924782,0.4199577721,-0.3990778497,-0.9564246216,-0.06998660288,1.132049292,0.5087092285,-0.06215764755,0.7790288203,-0.6036791809,-0.01448503822,0
-1.198306763,0.2056192915,-1.551808611,2.002598025,-1.075693503,-1.089929682,-1.232431863,0.4962164671,-1.315427588,-2.848875663,0.5035381762,0
-0.0207725441,1.234549655,0.3188346573,0.07592372711,0.4104884247,0.5373770222,-0.6441482008,-1.641214426,0.9164750353,0.2334658865,-2.199003755,0
-0.2332630022,0.4854236251,-0.7889028706,-2.305299098,-1.284351353,-0.1805602442,0.5726795729,-0.6396160253,0.1437874838,0.3844907476,-0.8791300685,0
-0.4972811086,0.5750076008,-0.05136098562,1.400130848,-0.1031057111,0.3651033359,-0.6334345855,-0.4585193193,0.09601552658,-0.1916305923,0.12799068,0
-0.4770394729,-0.3596549297,0.8506690372,0.4880077688,0.3536036708,1.192182757,1.393591906,-0.5675947906,1.744718579,0.8873905409,-0.7302521118,0
-0.3050945756,0.4275680007,-1.061610848,0.3265709202,-1.570232233,-0.2464219609,-0.3965240741,-1.328200956,-0.1727506562,-1.428746145,-0.5723368732,0
-0.04158915823,1.04305642,-0.1022081321,-0.7933196736,0.3901616366,-1.954791695,-0.9468217601,-0.3687680613,-2.093897295,-0.2585840857,-0.2588145506,0
0.03690976898,1.584715846,1.037335037,2.091625196,1.666988753,0.7506465076,1.410270275,0.6239686149,0.9701651293,0.3794249532,0.3730178211,0
0.1393613384,-0.210986129,-0.6564390817,-1.232769826,-0.8790773994,-0.2270760966,0.2315235204,-0.4324008979,-1.052160956,-0.2836441539,0.3709089891,0
0.514589852,0.08559648121,0.01998106177,0.3827270088,0.3454239385,0.4161287817,0.1851278966,-1.013718202,1.041178041,-0.4551906867,-1.360206866,0
0.2034163288,0.8360515456,0.6463342703,-0.1496140523,0.7838897601,1.971086284,1.980381103,-1.1683645,1.547651126,0.6515483219,-0.9082152068,0
-0.7256242006,-0.3111753399,-0.007265848789,2.479579191,-0.4278537228,-0.7472075218,-0.9422826481,-0.2477312338,-0.6478747614,0.4856886638,-0.07020763446,0
-0.8144607604,1.033651267,0.9440524486,0.7631831052,1.091355407,1.022153457,0.1120957149,0.5336355596,1.335800747,-0.3863114975,0.6862730516,0
-0.4713399994,0.759506248,0.3753945654,0.5927536624,0.3932290362,1.385387397,0.8003578255,0.9505737878,1.181862973,0.5248011067,0.9305906046,0
0.2925619396,0.7534642382,-0.3757754281,0.8669154391,-0.2690229273,1.175698937,0.2673792278,-0.1992744294,0.3488175205,-0.4858491516,0.008664276156,0
1.184710417,-0.05141051249,-0.2054488881,-0.2615818636,0.06200157368,-0.5407086725,-0.5683646945,1.845384462,-0.4647317801,3.049367472,1.872377426,0
0.3911443835,0.2589720067,1.603092333,-0.09418577278,1.334869026,0.6526388434,1.198945935,0.6801629934,0.2768468281,-0.9597403329,1.018818713,0
0.1865311296,1.293852866,-0.07157513445,1.425091281,-0.09277765021,0.8040509756,1.235950349,-0.3275557825,1.09277166,0.863662846,0.04455029786,0
0.2053712554,0.7124014495,-0.4155972393,0.09153254556,-0.4951852509,-0.5394733576,-0.7094458668,0.2159085463,-0.1521359115,1.808750969,0.1082139022,0
-0.0969116641,0.6768066278,0.5591274044,-0.7906062646,0.6479170276,1.19133608,0.2801952549,0.1654729739,0.8697046089,0.9735055749,0.2164460161,0
0.2428598477,0.5931773076,1.547383988,-1.506213562,1.598734324,1.286635768,-1.210691647,0.05015550882,0.388447162,0.4436356313,-0.4221035236,0
-0.2610344593,-0.5635150468,-0.1784951386,1.340303964,-0.2858993695,0.4440607786,0.3571667959,0.303477243,1.410803228,-0.7202930726,0.4762668726,0
-0.06449246484,-0.3048005515,0.02048052125,0.2641649541,0.1311329493,0.3655932979,0.0018542855,-0.1788457874,0.3439032794,-0.0813003674,-0.1116228621,0
-0.1482308828,0.4103009556,1.174818239,0.6718943529,1.771012278,0.5374977777,0.4098598231,-0.1918655542,0.6593287387,0.5557440888,-0.5066322065,0
-1.222427107,-0.7983942811,0.9247503562,0.4977061913,0.9447999538,1.143264286,0.5141987682,-0.9570077658,0.6865166947,-0.2938555462,-1.539904066,0
-0.3583615337,-0.07492755403,-0.8416501346,-0.6882782603,-0.8749932774,0.1738321718,0.7174002281,-0.8873893206,0.5081637978,0.2453132528,-0.6580535183,0
-0.5732141947,-0.9236084362,-0.1716143862,0.1588866365,0.06706795285,-1.190430184,-0.5178117685,0.03461790777,-1.154784168,0.1772841454,0.2529858156,0
0.8468507083,-0.8321317827,0.6952937081,-0.3001166684,0.6341443649,0.6818977628,0.4924716614,-0.1411637357,0.463185958,1.959624898,-0.1888523554,0
0.1600222292,-0.4642513761,-0.9401754968,0.6431727592,-1.07072669,-1.653177762,3.670721829,-0.4302643545,-0.9221546848,0.4165822077,0.02902307563,0
-1.003156695,-0.1544283408,-0.2880039559,0.5970423629,-0.8614599562,-1.2244527,0.8771294489,0.3944381133,-0.4076244203,-0.9421731297,0.1169920648,0
-0.4959418881,-0.6974604782,0.3358255862,-0.3694978786,0.1909529863,0.01596031421,0.1973458096,-0.2270626416,-0.1700960674,-0.04302412752,-0.4767657241,0
0.6940238431,0.1215552794,-0.3321146039,0.3992687906,-0.5074261285,0.5623997831,0.3053799524,0.1642797966,0.3395920852,-0.1922152405,-0.1662890491,0
-0.9121352175,1.157592544,-0.5293576667,-0.1292769171,-0.6928946666,0.6352320071,0.8336719579,-2.302165633,0.2556893411,-1.140778291,-1.35129715,0
-1.216818672,1.125537654,-0.3066949085,-0.1937881564,-0.4147186657,0.9415345852,0.3871921205,-2.349485139,0.06676893395,0.3593040345,-1.761144061,0
-0.3211963668,-0.8107154055,0.2833125407,0.209928523,0.08941095305,-0.4350503838,-0.03535332351,-0.9926617447,0.2612220009,1.101546997,-0.2434507728,0
-2.423724704,-0.5969093706,-0.4052063106,1.235257666,-0.8165958858,-1.743509817,-0.9897696252,-2.481865369,-1.220645168,-1.006137458,-1.705313831,0
0.4219967666,0.9381105559,0.5965000028,-0.05667185455,0.5764209587,1.69395657,0.7736573595,0.6552508973,1.336627276,0.3781689138,1.124838347,0
-0.03956715083,0.4872747055,-0.01732638972,-0.3403903996,0.2775179909,-0.2180541337,-0.8915904352,-0.0639227611,-0.6656741047,-0.6439990871,-0.6712287351,0
0.6719542552,-0.01647500821,0.3495312507,-0.02283850109,0.9912302744,-0.3370094077,0.3368931881,1.342014836,0.8467994684,0.37078708,0.8834109704,0
-1.281479785,0.3173039203,-2.659180075,2.418333323,-1.263115068,-2.107620969,-0.02426609183,0.04888015675,-1.728423672,-1.155744937,0.822972404,0
-0.7535801299,-1.308200564,-1.110132871,-0.3278222601,-1.440311966,-1.27436775,0.5332499293,0.01769648399,-0.07768326715,-0.5941669376,0.3221507208,0
-1.029414043,0.7478340417,0.4398217359,0.7575950944,0.2468171884,0.7395550453,1.043877087,-2.530670594,0.9130175663,0.3127976137,-2.286649842,0
0.2777778073,-0.4692846511,0.2462718813,1.695777647,0.01422519689,-0.009167934268,-0.8109105872,-0.4908632994,-0.1133044203,-0.3220418341,-0.7893033937,0
1.27868345,1.223255985,0.008529169444,-0.4195433017,0.3004583873,1.385716351,1.349072558,0.9213820309,2.145729401,0.7784065683,0.6310049107,0
0.5994446864,-0.4608154379,-1.303687379,-0.9041493673,-1.326128876,-0.742065003,-0.04824145197,1.502893267,-0.2171148071,2.129014998,1.897404359,0
0.2941551089,-0.2033426225,-0.8174356566,-0.4666848153,-0.2156478761,-0.702748677,-2.032105413,0.2722278304,0.1862526281,0.4878954071,1.062625811,0
-0.3419914192,-0.1375252722,-1.108868711,1.205827802,-0.7614745995,-0.1380348754,-0.6118041602,0.6716431157,-0.02037134436,0.2047279128,0.598176496,0
-0.4057948566,-0.359170321,-0.1523898497,0.5733958944,0.07039001175,0.4487244394,-0.3615548864,-1.024575129,0.1541468837,0.04750959764,-1.470655446,0
-0.7160771632,-0.7433423157,-0.5474157638,-0.06994093774,-0.7255657277,-0.136923092,-0.0007725002502,-1.130449072,-0.4315973086,0.0790302885,-0.001580900002,0
-0.8241132104,0.7784850226,-0.9196201024,-0.3055166211,-0.8237110275,0.6318952688,0.9557806252,0.8100845544,-0.5035372574,0.5838783308,0.533089729,0
0.09727052315,0.7383789722,0.409984461,-0.7755298702,0.3178422333,0.5606786702,0.9988415584,-0.8653533406,0.5474907334,0.6574589936,-1.239202166,0
1.469710444,-1.909362868,-0.766174362,-0.3596284943,-0.1192737027,-0.6555540954,0.3525801625,0.8194623365,0.2667877691,2.145383412,0.3618238699,0
0.1233170451,0.167125137,-0.7315984265,-0.4870756814,-0.2393848007,0.117000746,-0.3387233169,-0.1127740043,-1.184345291,0.1789444075,-0.1665760735,0
0.504740951,0.5781440383,1.245156714,0.3004357354,1.072211922,-0.2089613832,0.3530160484,-0.8016514772,-0.4936059026,-0.2305227078,-1.548427096,0
0.1816222514,0.1313431274,-0.1002831967,-0.6609048231,0.2264463615,1.403153724,-1.089059832,-0.07210736584,0.5186615438,1.264995198,-1.814981066,0
0.3031032104,0.674464699,1.025479855,-0.3336838098,1.323001521,1.609136239,1.258716371,-0.4239763429,1.201087162,1.415104052,0.3065676883,0
0.2607440719,0.7092670919,-0.3561615614,0.05468293631,0.1964674126,0.8300189606,-0.3177663843,-0.5088661429,0.1695080256,0.6734110412,-0.5234470521,0
-0.4590426487,0.3532169614,-0.918402476,-0.4581611451,-0.635002764,-0.1023398264,-0.4713571526,0.4605394792,0.865495105,0.2429087353,0.3173709674,0
-0.9349906093,1.524507893,1.677092994,-0.8320645173,1.722542769,0.9147560115,0.536188062,-0.2741191884,0.4122485957,0.5686427809,-0.1715431901,0
1.146881629,0.9832977182,0.7362757544,-0.9193332234,1.095299753,1.062891089,-0.274033597,0.08418571479,-0.7772295057,0.9743955587,0.05391048214,0
1.050500873,2.272169698,0.5288806348,-0.6423945375,0.6682591335,2.121866879,-0.8520723035,-0.719420852,-0.09571555216,0.1087796862,-1.225153917,0
0.5945358082,1.893097534,0.143507318,-0.8450600615,0.4756371591,1.738869289,0.2577749912,0.7004437208,0.9200081807,0.4227062673,-1.080106939,0
2.890311993,1.080639593,-0.09428968292,1.151532755,0.001157155382,1.159184581,0.8574211818,2.731425448,1.904747127,0.22567983,2.30772167,0
0.5484608718,1.724788561,-0.1376046082,-0.05522844793,-0.2372383868,1.199292063,1.341816533,0.6736481795,0.5176162625,0.6266374517,0.07671696183,0
-0.5405506296,0.8653381347,-1.171881264,1.945286722,-1.334842819,0.5115686565,0.1918300512,0.3251549411,-0.2016531574,-0.4777976614,0.5386468401,1
1.052932553,1.339237616,-0.1513785218,0.114763821,-0.1513301351,0.5215608273,0.9371342153,1.412293966,0.08375475521,0.9339177801,0.6372716099,0
2.028143848,2.395093921,1.527124856,-0.1872745093,1.952724113,1.338863216,2.590893305,2.028384335,1.631518397,2.386680035,1.018619391,0
0.05465024863,-0.02601951194,-1.561501537,-1.640841148,-1.627471212,-0.8244105398,1.186551045,0.918768874,-1.14380635,-0.1829857796,0.1139504036,0
0.8003205806,0.5860350488,0.8178055342,0.4294044831,0.8891789226,0.5322456073,0.7650592654,0.6495446829,0.07853307845,1.293937885,0.1698324578,0
-0.9527143187,0.5352780061,-0.7904446803,-0.06832656925,-1.026841048,-0.04723228946,0.5793915594,0.615175917,0.3089880459,-0.6215846821,0.01377091844,0
0.007391814938,0.1267424645,-0.5015539054,0.1145244743,-0.7282654989,0.7273406956,1.481542526,0.2566310636,0.4089744058,0.7010404386,-0.09485186754,1
0.452080116,1.233753067,-0.3393040284,1.126074091,-0.3565299798,0.5514110324,1.753915465,1.484663621,0.1389335474,1.121886508,0.7672816994,0
1.088542882,2.053195197,-0.7633699436,1.393607432,-1.070006751,-1.299403003,-0.3295746302,-0.4565208294,-2.087696554,-0.9305599697,-1.396308156,0
-1.010569125,0.5719460385,-1.820224649,1.927218495,-2.178735773,-1.111421385,-1.699362285,-0.06609874839,-1.368515817,-1.211473879,-0.1295299949,0
-0.6759005469,-0.7732986214,-0.4579194501,0.1525879129,-0.9577728582,-0.2322130634,-0.2441819713,-0.3883815297,0.04819981894,0.48567305,-0.8530945645,0
0.7120015013,0.208849323,0.2142614923,0.5351785902,0.2984249426,0.5697394969,0.8204134903,0.5869603961,0.459547575,-0.323067137,0.4904347155,0
0.02333309131,0.3650513973,-1.281990363,-0.01678400869,-1.580290317,1.445809564,0.7873517129,1.157493086,0.1892229298,-1.096603523,1.164555347,0
0.4861403995,1.651837272,-0.4984377125,-2.438292776,-0.4248361062,0.8710216997,0.7176542217,0.6399170896,0.6227190616,0.727559525,0.2719254389,0
0.5913518653,0.3047706495,0.3653247178,0.4793961753,0.5397538533,0.6316371019,0.5596243002,0.6757912969,1.210549087,-0.5996178711,0.1417638643,0
1.608555751,1.404782504,0.1699445458,-0.4065135651,0.1685372263,1.393609875,1.391745126,0.1319423904,1.146377801,0.243798719,0.7525477807,0
0.3513558776,2.043026733,0.2665853016,-0.5902462835,0.06173925549,0.4664685583,1.402345673,0.07215861891,0.5084546793,1.102551481,0.3516903143,0
1.308148698,0.2349079604,0.3880144484,0.0591987719,0.3974950577,0.8476728599,0.8748156489,0.9585151553,1.334826413,0.5079330525,1.506987404,0
0.8684123986,2.028459354,1.022757645,-0.633594886,1.40219481,0.4398218441,1.332689149,0.8350459554,0.7960678516,2.301272824,0.8441803173,1
0.4459685747,0.2457378212,1.555986479,0.9143036263,1.79355441,-0.778978711,-0.1328852393,0.7272622711,-0.2958845579,0.1267250892,0.6418440679,0
1.028378579,1.465489624,0.5028296349,-0.4611822855,0.6672826205,0.1829152064,1.025581353,0.7841830744,0.7031938979,-0.07192344329,1.364651212,0
0.9426421112,-0.04985893267,1.99799726,0.1799222731,1.912237119,0.7058517681,0.3788644067,1.478631995,0.3628200332,0.8640965613,1.463315846,1
0.1137460503,0.4005547049,0.5946262542,0.8532604705,0.8228832641,-0.3217359186,-1.198055874,0.8017651831,0.09071344356,0.610213522,0.910638423,1
0.7391500652,1.067623793,1.131072103,-0.4941657143,1.407479468,1.780699272,0.7000516437,1.292617952,1.01001707,0.2238495515,0.5519536098,0
-0.1824828257,0.337256072,-0.04692324162,-0.1048098316,-0.238762513,-1.318246413,-0.0984125682,1.3783295,-0.9590339594,1.77590658,1.49903045,0
0.466988827,1.002203697,0.1087064706,-0.5482873567,-0.08966812649,0.6711532991,1.29234349,-1.583037993,0.7382486599,0.4228086241,-1.318265427,0
0.5560937101,0.7115923817,0.4553391043,-0.4819761332,0.4819481136,0.662193796,1.233852853,1.843264354,1.885928516,1.818549465,1.704013703,0
-0.2931781481,-0.04803281058,-0.2708067285,1.497019823,0.05968857821,0.5919057656,-2.069929161,0.08276573517,-1.016650953,-1.299580534,0.02741653633,0
-0.2549468754,0.2408334978,-0.1013922449,1.314896588,0.01867503256,0.6433961894,-0.8517953685,0.01030404381,0.4672180951,-0.4339906844,0.3288678888,0
-0.7783856568,-1.221715588,0.5778354193,0.2066460552,0.7378500446,1.037747573,-1.796166632,-0.9708394191,-0.6424284201,-1.411118222,-0.9859828708,1
0.04988271932,0.5086952425,-1.479946939,1.845901705,-1.49890466,1.115372541,-1.367017353,0.822529098,-0.04897705185,1.402966964,1.05049903,0
-0.238818731,-0.2273026754,-0.2978178693,1.361232139,-0.1710346355,-1.740334087,-0.9909199705,2.72013135,-1.00260469,0.4643880395,2.91949024,0
1.369379107,0.2134354269,1.159576969,1.317756536,1.194758559,0.6185219439,0.6047941999,0.03855900861,0.1139082831,-0.700994478,0.04550704583,0
0.4151018171,0.5748599303,0.8742522109,2.950640192,1.045710126,-0.5397870443,0.2366754945,1.254515166,-0.3056409109,-0.6867894355,1.404041323,1
-0.9881545504,-1.934799625,-1.027568497,0.7864168229,-0.8917682389,0.7253725197,-1.13874918,0.9483978006,-1.326120437,-0.8250509237,1.446835862,0
0.01021400063,-0.02215720132,-2.647104634,-0.8516591896,-2.185058215,-1.879586001,-2.319080527,-0.02935020181,-1.719907704,0.2469596359,0.8936043227,1
-1.157598292,-1.156472281,-0.8361390181,0.2876038261,-0.8573011597,-0.04451598465,0.3167998339,0.06378008177,-0.3206827927,-0.2945911273,0.5152344201,0
-0.03358497964,-0.0346405553,-2.439864626,-1.028934434,-2.364288559,-0.3843955325,-0.4819658931,0.7098971036,-0.8110935458,-0.3117870703,0.8999906154,0
-0.9213923699,-0.7401018849,-1.843277341,0.7221253917,-1.900760818,-1.303312983,-0.8829251557,-0.01032181753,-2.296393352,0.2995918512,0.7132573308,0
0.3353571034,0.1324038589,-0.421576793,-0.1004747272,-0.5913526333,0.959310628,0.07732316742,1.433235378,0.6216217527,1.424630174,1.513246131,0
0.1375501564,0.8202424864,0.05265222637,-0.2881884147,-0.4574727021,-0.1236288827,1.309136565,0.4928407286,0.04139366599,0.8387658547,0.976123835,0
0.7547152098,-0.02905403601,-2.203865369,-0.4143411763,-1.755658647,-1.110540009,-1.077069694,1.365069783,-0.9107369967,1.300596282,1.874350719,0
0.751389918,-0.5100728975,-1.387528322,-1.548570586,-1.749567886,-0.3548187623,-0.4982149308,0.08760418424,-0.708582666,0.2026235263,0.01265072602,0
1.095437832,0.02598545019,-0.1724892159,-0.6502880912,-0.6806308122,1.129094253,0.2085018654,0.7053084658,1.252981123,-0.1589336656,1.458109543,0
0.6244586429,-0.3176125243,-0.2877511239,-0.5420716717,-0.6094238678,0.7317434135,1.076763527,0.488794444,0.925839999,-0.006677053151,0.1798105418,0
0.5506961003,0.1237599371,0.8762236798,-2.075074521,0.3908605135,0.138123243,-0.01561392167,0.2908847849,0.01003995651,1.660682312,0.1007313358,0
1.072067355,-0.5371465094,0.8817285919,-2.057841565,0.6417286158,-0.2439999109,-0.2031316844,-0.3789380079,-0.003799378822,1.970904964,-0.5139752472,0
0.7660854079,0.2467694346,-0.6578645577,1.711496369,-0.6369002628,-2.177092859,-0.4031082445,0.2786933395,-2.20843364,-0.5855342689,0.6721131817,0
0.09699022118,0.4440946136,-0.9517204561,-0.762385345,-0.8336925221,0.5803215653,-0.2432167955,1.201561759,0.2139514004,0.3101814432,1.513911868,0
-0.4721761139,-0.1349379193,-0.667984041,0.5768981704,-0.19167161,0.8360261999,-0.2964702473,-0.5784319962,-0.2556128488,-0.1916410014,-0.461983968,0
0.4331944711,0.3707003126,0.1665150274,0.4113045061,0.2393037825,0.1692323588,0.4981709508,1.025296928,0.3120281117,1.593971699,0.7440805611,0
-0.2463317823,0.133362677,-0.5652660112,-0.9326120759,-0.8917452621,-0.717308737,0.7020426261,0.4983365756,-0.3833736574,0.7435584139,0.3120570297,0
-1.595640801,-0.1153331051,-0.264577445,1.135081339,0.07840890667,-0.3193791043,0.8521479463,0.4370112059,-0.8057985574,-1.058153797,0.5273173496,0
0.7094380559,0.3896832469,-0.2736158003,-0.2249398509,-0.4702382161,0.9238987299,0.1910811796,0.8482202107,-0.2548726383,1.727068505,0.9269868539,0
1.023864999,0.8917253909,-0.7965638344,0.7898873488,-1.064425309,0.8962193479,0.3559082984,0.1594051906,0.5841678099,1.515654865,0.8526116588,0
0.6812832798,0.5517505425,0.006650767491,-1.777388391,-0.6301565789,0.095874085,-0.4238488729,2.286906088,0.3062755172,2.07784874,3.326506771,1
-0.01106499197,0.1936267859,0.6812778204,-0.03408290731,0.5268926027,-0.1908272379,0.6028359909,0.9071427909,-0.1315128896,-0.1888773678,0.8711685829,0
1.185625591,0.4298267349,-0.6334577412,0.9606855808,-0.4210640854,0.1465511442,-0.2321705305,0.7775630768,-0.1112871693,2.381263798,0.2711281489,0
0.6672681811,0.4382169131,0.1786121842,-0.7020919791,0.3248444059,1.066823277,0.7342408252,0.9060942411,1.060487367,0.2746324049,0.5607198131,0
-1.184229375,-0.7012936707,-2.40960855,-0.6011756314,-2.469550915,-0.2333192949,-1.51867777,0.4182622157,-1.039299503,-0.1070856075,0.8326833959,0
0.7338099532,0.4451012686,0.1520136403,0.4372027866,0.2443146345,0.4828857547,0.8983289045,1.123439871,0.1448918873,0.09370374347,1.20899629,0
0.0578030469,-3.219070942,-0.460556348,-0.6377199516,-0.7923477279,0.04211290248,0.4561145214,0.0186004062,0.3922286208,0.02389119898,-0.5046549274,0
0.1865718572,-0.4878141747,-0.8791359645,0.3431420097,-0.9720529246,0.7327635893,0.04301764048,0.3889258313,0.7812269854,0.1244836486,0.1588697207,0
-0.9793837339,-0.6287999515,-0.9748925839,0.1719066038,-1.124928906,-0.1831086017,0.9637216132,0.7645005791,-0.002158145274,-0.6775634443,0.8099885368,0
-0.01444538587,-0.9351121734,0.2165199177,-0.6332725008,0.07891248102,0.7843761567,1.155511385,-0.2498513423,1.104733273,0.8285319093,-0.1323284827,0
-1.34949494,-1.404531624,-0.9507634173,1.973265853,-1.044577204,-0.2458223473,0.7273600558,2.409178823,0.1628130225,-0.3232250094,2.68369173,0
-0.7877697835,-0.7422233479,-1.009918343,-1.585898889,-1.082247629,0.7596532025,0.5144593165,-0.6225039561,0.4527449693,-0.2717516813,-0.1375706643,0
0.4769335577,-1.086715665,-0.4974372425,1.917742323,-0.4898316621,-2.02923538,-0.981087959,0.09878323674,-1.81020511,0.5397608137,-0.3716988514,0
0.05442984024,-0.7540973012,0.1454756847,-0.04605756493,-0.02801760629,0.4758125358,-0.5448039175,-0.9702346129,-0.5469412631,0.5292041841,-0.9544859304,0
-0.1493712566,-0.1706908108,0.09419887896,-1.796882929,-0.06473258004,0.3997698811,-0.5909029423,-0.2494864864,0.3270014118,-0.7045925799,0.5347042412,0
-0.873688328,-0.8836188583,-2.426715812,-0.5461478911,-2.410159778,-1.412037351,-0.2457944212,-0.2127872447,-1.312683133,-0.4503469546,-1.143627031,0
-1.103871351,-0.420934013,-0.541048431,-0.04798943403,-0.9609072734,-0.0872259567,-0.9098435647,1.124803972,-0.5875889896,0.5608723381,1.057511195,0
-0.7554272481,0.2956504384,0.1511558729,-0.2565922194,0.225693872,0.7975954142,-1.083567015,-0.08853245415,-0.5032073553,-0.5742333839,0.1861888616,0
-0.7639393243,-0.34540161,0.2919026233,-0.9068505648,0.1443579988,-0.9049322521,-0.9865709441,0.3422933062,-1.608414972,0.2105344928,1.361398269,0
-0.135962281,-0.03095919299,-1.311073795,1.268057921,-1.328602709,-0.2862573968,0.681839481,0.3489987655,-1.155653265,0.01661866135,-0.5221036185,0
-0.4742083594,-0.2848443787,-0.2290889153,0.04396615352,0.1051877599,-0.205575372,-1.059155775,-0.4782436512,-0.1419602783,1.357741844,-1.503205817,0
-0.4457749394,0.0220676978,-0.5228930882,0.06325000315,-0.5120557208,0.4645012778,-0.1555129452,-0.6538766978,0.5533401065,0.1702268935,-0.4651323946,0
0.8101556184,-0.6832927944,-0.3191617485,-1.344661668,-0.8068657048,1.348550038,1.483036281,-0.1769598354,0.5077184303,-1.427077452,-0.3703080596,0
0.02462937762,-0.7321255824,-0.7904975466,1.301610637,-1.030413146,-0.4608389917,-0.4664017444,-0.3864620358,-0.5014239457,-0.7258860891,-0.2283215082,0
-0.05094422901,-0.001107540761,-0.2985506197,-0.3933277903,-0.7203711575,-1.260745219,-0.3673063467,-1.024162596,-1.693653457,0.02152635105,-1.080535997,0
-0.8102398826,0.0733167618,0.01963046172,-0.5581775271,-0.2904226169,-0.6250906943,-0.8321467903,-0.6405201822,0.1821885807,-0.3392860088,-1.015710564,0
-1.079465852,-1.303375252,-1.180615478,-1.153125257,-1.193574207,-0.1552671776,-0.2227871114,-0.8874064089,0.1919819222,0.8830189736,-1.011278096,0
0.333740035,-0.7382458144,-1.044220276,0.3320718968,-1.021385165,-0.4084468269,0.2767849355,0.6208372444,-0.4051116937,-0.9180541746,0.4830728679,0
0.771300939,-0.9749778297,-0.493558085,0.621374261,-0.8563779878,0.7089472504,0.9624604685,-0.08920650088,0.8197607093,-0.9615677714,-0.1998842058,0
-0.3146912474,-2.244939481,-1.201106439,0.3214077738,-1.122266183,0.4713607665,-1.318860104,-2.37964357,0.6999542343,-1.213831256,-1.639088799,0
-0.0877345643,0.353448696,-0.2087259254,1.113343638,-0.2144569238,-1.48133537,-1.001579508,-0.3941394653,-0.9208880255,-0.01542578709,-0.4621234585,0
0.2645736853,-1.645267802,-0.3035243206,1.456226223,-0.5593022225,0.2203363345,-0.04538468442,-0.1735160502,0.8073902559,-0.4546169163,-0.05028485569,0
-0.6552409579,-0.796956819,-1.413080982,-0.1202061742,-1.696126981,0.5968838674,-0.1335148439,0.6931883286,-0.2553911269,-2.249690947,0.1466481058,0
-0.09865568077,-0.4258888626,0.5314441009,0.3894975298,0.2508923823,0.9157115543,0.2447958941,-0.6973979285,1.500871968,-1.143810045,-0.339823538,0
-0.2050581256,-0.7097367592,0.6731547798,1.092887505,0.7131200371,0.8441144045,1.264254983,-0.4678254111,1.185099118,0.3079642008,-0.07909827516,0
-1.0901814,-1.289633996,-0.433769113,1.299833959,0.08099186177,-1.052856798,0.2693411967,-1.026074054,-0.3128997517,0.005700801038,-1.475082739,0
0.1967013375,-0.6022800126,-0.713894438,1.27100148,-0.3580818235,0.2243894888,0.4044154998,0.5248614777,-0.2553911269,-0.00179142979,0.6358953979,0
-1.126776986,-2.475548263,-0.8693182984,1.349593106,-0.5457695542,-1.447853308,-0.6072166427,-0.0938390239,0.2048564214,-0.2514468134,-0.05745012276,0
-0.11137282,0.002689464391,1.444190779,0.06695344335,1.539152371,-1.755156816,-1.005955084,-0.7551642663,-1.68726835,-0.6919080588,-1.20079822,0
-0.8536257326,-1.763845421,-0.480461349,2.238406585,-0.7784958902,-1.426552478,-1.678306024,0.1182223196,-1.198362874,-1.605979611,0.04084972387,0
0.5279074021,0.9090841203,0.2846068334,0.4306450625,-0.1104397831,0.9816524955,0.9732428693,-0.09267793117,0.8743999073,0.4803606503,-0.4192842073,0
-0.0521408562,2.589014271,-0.544506136,-0.9752181556,0.3532536007,-0.2622106826,1.675343718,2.114942422,0.1297267342,0.3543840367,2.022867337,1
1.150069147,0.3630507668,1.038028097,0.7136317023,0.7392385417,0.9477152447,0.5076184788,0.6743106985,1.331819111,1.00966458,0.381987851,0
0.9958535483,-0.5699139204,-0.6173169343,0.2170097011,-0.91259872,0.1884612842,0.6524457827,0.2234552338,0.196587858,0.6281982895,0.2090930512,0
0.7855890571,0.7958073002,-0.273671191,0.2859472325,-0.07873951804,-1.149465551,-0.7033791272,0.2294976551,-0.6197767462,1.338241683,0.5458225157,0
0.7314443817,-0.3152384294,-0.3522001066,0.4506712227,-0.3340513109,0.1660561281,0.2569282866,-0.1613522217,0.8111982509,0.9258466108,0.7064578053,0
3.553489441,2.793338172,1.029749,0.0573277439,1.284450437,1.258525682,0.8727974799,4.234260488,1.810338715,2.401088918,4.532081972,0
-0.1587640171,0.8029390664,-0.6861434657,-0.8582129721,-0.5667755796,1.2789478,1.382858887,-0.3982585799,1.591597053,-0.5267396366,-0.52757734,0
-0.9612832295,-0.1435477617,0.0498113218,-0.6241944924,-0.1359815057,-0.06030699744,0.8358142209,-0.8664632975,-0.2342543845,0.1054994487,-0.6562522059,0
0.573788209,1.321489907,1.082170278,-0.1846736168,1.26704568,1.901728414,1.722706134,-0.1395363162,1.449021612,-0.3368718186,0.4838822336,0
-0.6104788784,-0.186800603,1.161832205,-0.5927335042,1.798685628,-0.02098863013,-0.6354487499,-1.348684063,-0.01815145832,-0.9007742932,-1.590160261,0
-0.2965038125,-0.09467895468,-0.8154659307,-0.6016655692,-0.626973833,-0.4155457842,-0.897066611,-0.603768043,-1.316922666,-0.901414199,-0.7647833873,0
-0.1206147634,0.3638551916,-0.9728031132,-0.2816810345,-0.3537032425,-0.3727026767,-1.093471611,-0.4833579883,0.4238208741,-0.1333429807,0.2912531933,0
-0.7507936944,0.3829542776,0.7049337163,0.7413770812,1.226786716,-0.06618486279,-0.2738087807,0.09046667445,-0.6635228664,-0.5791804046,-0.1583208958,0
-0.2769834258,-0.08243248747,-1.643912515,0.3201868149,-1.324516107,-0.8427359758,-1.382605257,-1.179946486,-1.562933363,-0.8046090502,-1.269970423,0
0.3786600779,-0.3622132363,0.9734386533,-2.058517006,1.103452549,-0.4554578753,-0.4402860433,1.395321636,-1.456527554,0.3977473526,0.933203991,0
1.190226484,-0.3322844312,-0.6151133366,0.4452478935,-0.6138980422,-0.3049924386,1.144954793,-0.16886773,-0.2501578989,-0.7876660889,-0.3399092355,0
0.1228307067,-1.026803198,-1.690584463,-1.071568446,-0.9351862442,0.005990178096,-1.253962825,1.020118866,-0.6745802726,-0.1992847923,-0.8056896828,0
-0.6833649426,0.9108970777,-0.5442361485,2.066725968,-0.3229022611,0.1636772749,-0.7310151343,-0.753379185,-1.17269288,-1.398485296,-1.453220343,0
-0.3215659031,-0.2669099077,-1.484047125,0.02688895391,-0.3841693183,-3.351440572,-1.086168131,0.6866759411,-1.551593123,-0.3953698771,-0.06950967192,0
-0.223754073,0.663251299,-0.755180681,0.04492345022,-0.7837654856,-0.859423572,-1.370620637,1.162589683,-1.373279411,2.126237242,0.4851819797,0
-1.026110994,-0.4601519565,-2.272051763,-0.1158699446,-1.97009219,-0.422933687,-0.5325012425,-0.9114023252,-0.04483428469,0.1279300873,-0.3828960769,0
0.4663773948,0.2393194258,1.117257732,0.192821734,1.186624915,2.139750296,0.4151778636,0.1096562988,0.2017910645,0.4537754715,1.00763231,0
0.3045384366,-0.274945151,-0.5993604228,-0.1912205527,-0.4239114531,0.1153699297,-1.337722418,-0.5251138841,-0.22264553,-0.6983386277,-0.5054197633,1
0.7689790927,0.07039021633,1.135627808,-0.9765283541,1.163392388,1.34669762,1.127392379,-0.02478560109,1.177709079,0.7082471161,-0.08554939601,1
1.341375861,1.513603359,1.374652604,-1.372743723,1.333799401,1.738454377,1.435323219,0.006891693982,2.090393836,0.1427327576,-0.3226983116,1
-0.614012499,-0.6851777899,0.8139837075,-1.405831304,0.9373083469,-0.9245768397,1.512798713,-0.1653844518,0.05151114895,-0.21732335,-0.8725909006,0
1.717746488,0.2512897472,0.1227516516,-2.018671559,0.05067670027,-0.4971689494,-1.283367096,0.963955942,0.2055390164,-1.078399064,0.4285549455,1
-2.115026586,-1.021676491,-0.8224934096,2.243671716,-0.7779935318,-1.53874648,-1.484698688,-0.7445999022,-0.3672166132,-1.023182947,-1.161491612,0
-1.64471748,0.1494009409,2.633086318,-0.4880961073,2.858265023,0.309359277,1.178589372,-0.1138106086,0.9791134495,0.3999627841,0.5055541909,1
0.900980271,0.2506233953,0.5447187478,-0.3847324017,0.4919830898,0.6531570066,1.164225361,1.24679655,0.3928892102,1.916306922,1.559086499,0
-3.470197137,0.2037086201,-0.4833406958,0.4950070402,-0.3106430612,-0.8025092112,-0.4267385391,0.3439166294,-0.08162488866,-0.4443057064,1.296061685,0
-1.710986391,2.798783047,2.023499739,-2.142045199,1.896612448,0.5982830765,-1.034324945,-2.589734215,-0.5967928893,-0.06536268114,-1.147675263,0
-0.137828451,0.435524039,-0.4277544775,0.2887177141,-1.255327084,-1.561288193,-1.569347422,1.350161448,-1.299494373,1.027412271,1.456097092,0
0.9684111867,-0.4148940563,0.01033227855,1.766491762,-0.5911699403,-0.4755653204,0.5321212028,0.190577353,-0.6326101634,0.1780996744,0.3705139017,0
0.5225214978,0.9593096438,1.171673484,-1.237708099,1.396918776,0.4182343633,0.483386254,-0.7366460221,0.3769872759,0.8431242382,0.626797175,1
0.4333392323,-0.1711323288,0.08996611419,0.3757140798,-0.3686106777,0.9374121582,0.5932339971,0.2638407243,0.00832437745,-0.3195725461,0.6316438474,0
-1.127082093,-0.126927985,1.932357881,0.3909659256,1.931395085,-0.893014484,0.3777638095,-0.2463015568,-0.2564608416,-0.4322977764,0.2597879109,0
0.9209767119,1.50917302,1.221969195,-1.163590619,0.5255604802,0.670374996,-0.04864820782,1.382012512,-1.499617941,0.7969298237,0.7904128349,0
0.1091766062,0.5209821684,0.401032322,-0.6760345425,-0.3121935502,-0.04452581956,0.1940146686,-0.3402078929,0.6345215036,-0.07247193802,-0.7656213189,0
-0.08714815207,0.5974085282,0.2618795018,-1.535938472,0.3285201997,1.349923519,0.402369223,0.7668229335,2.302222643,0.4489955688,0.3125157067,0
0.00273737538,-0.06244793387,-1.344558772,0.4990349878,-1.914160883,-0.8833585564,-1.549495782,-0.6416338834,-2.01377627,-2.285540217,-0.03884899423,0
2.072861293,-0.4765616222,0.9164291483,0.4841401001,0.8818132435,0.3429838333,0.4229722495,0.8710250817,-0.822181951,1.970822536,0.5255407631,1
0.3935692304,-0.8715942341,-0.5700098133,0.04129708052,-0.4293567706,0.3403120763,0.2969646807,0.32744412,0.01851115909,1.523106601,0.1588647671,0
0.4591067486,1.033322729,1.666463863,-0.8741746777,1.028150465,1.253103004,2.836188759,1.494531875,2.196044366,1.445062328,1.467637695,0
0.4230369863,1.233720557,0.4941187154,1.133337347,0.2663538589,0.6684889335,-0.2636525356,-0.1362860464,0.2236830855,-0.7714793799,0.7052104299,0
-0.2023749109,-0.09467895468,0.085983408,-0.7278096911,-0.1742372383,-0.2407297566,0.02625002986,-0.5847126947,-0.2643454454,0.02980149697,-0.5125612255,0
-0.2209907946,0.5993145348,1.006442678,-0.5442480489,0.9777306295,1.156138017,0.363885695,1.174966773,0.2374313695,1.846627479,1.027947389,1