200717_x_at,202192_s_at,203592_s_at,207574_s_at,209304_x_at,212356_at,218686_s_at,219173_at,37796_at,characteristics_ch1.14
-0.01320394938,0.1435777841,0.3639444535,-0.2172541876,0.1136068223,0.5996933661,-1.596879418,-0.4748192913,-0.2379906087,0
0.7765701547,-0.1896279315,-0.6506922282,-0.5083547638,-0.5012162217,-0.775955714,-1.293601179,-0.5925559593,-0.8395049379,0
-1.183712612,-0.6256322497,0.4951920434,-0.3064981672,-0.7948701484,-0.7848797802,0.1549101355,1.331014152,-0.9296427849,0
0.9844198315,-0.3994104526,-0.8062964576,-0.7734967161,-1.017540978,-1.193477084,1.694014599,0.3337238279,0.5291047762,0
0.7460044987,-0.7797306099,-1.619349598,-0.2860767028,-0.7087147777,-0.3352697466,-0.09188817932,-0.88593409,-0.3826181986,0
1.448390733,-1.144781411,-0.931145706,0.02917646468,-0.2804522221,-1.536691774,-1.56484994,-1.238921043,-0.07230606962,0
-0.6558191317,-0.9818583204,-0.04832917277,-1.160024768,-1.180062226,-0.3751872629,0.06083830049,-1.22604438,1.59112393,0
-0.7960834963,-1.003487299,-0.1969166975,-1.02488468,-1.0085484,-0.1678286168,0.4122874705,-0.8004694585,-1.44357569,0
0.9014085906,-0.6590141134,-1.162688372,-0.4792897023,-0.8441882757,0.5656069003,0.1408091075,1.171482585,-0.2602088713,0
1.638447693,-1.128610568,-1.3894559,-1.180327171,-1.109033827,-0.8525491338,-0.4699820107,-0.04510687755,-0.225944378,0
-0.428536708,-1.062844516,-0.7752523346,-0.1970785786,-0.2047844181,-0.5668661898,-0.004895016999,-0.8534369933,-0.4408601717,0
-0.5631252827,0.2745126249,-0.4266529415,-0.2910046355,-0.5482774527,-0.068929159,-0.3271240844,0.5358802048,-0.317615312,0
1.96482973,-0.760387785,-0.9213606809,-1.390351116,-1.680644307,-1.516711002,0.8062173412,-1.357135964,-1.297920931,0
0.9105413063,1.530140906,0.6164427615,0.536280376,0.2587400838,0.5345308965,-0.7791735839,-0.07694687865,-1.112045637,0
0.5242113517,2.386600569,-0.1111016263,0.6766870281,0.7191551756,-0.09774318856,-0.0446724791,1.253318119,0.5281121024,0
0.4953339618,-0.6393558799,-1.061600302,-0.4200509106,0.08950580514,-0.8311621948,-0.6942923267,-1.224278059,0.6431549469,0
-0.3744092885,0.3320109447,-1.169189774,-0.6975985121,-0.3478461123,1.697028805,-0.7961489689,0.6386101749,0.07913225902,0
-0.2291798137,-0.2778953684,-1.358789666,-0.8515921565,-0.534797851,-0.9046405844,-0.6439098518,-0.2568765435,-0.09446300872,0
0.3154516191,-0.8514021849,-0.06702893408,1.440627926,1.541948335,1.086111389,0.7634918761,1.521931581,0.2676291319,0
-0.9847769802,-0.05776028643,-0.007428454775,0.2917145141,-0.1011751665,-0.8283058332,1.138187165,-1.03125069,-1.358474033,0
-2.922327646,1.252480661,0.5691780556,-0.5297689275,0.3606999066,2.939163617,1.067523903,-0.05845174643,4.568558919,1
-0.6848926821,1.70703369,0.6127984265,1.038202768,0.74517126,0.3726786592,0.05739643666,0.4402858512,-0.3890073385,0
-0.5902115026,0.6431537157,-1.278949243,-0.6019097181,-0.900188546,-0.3714255612,-1.147834239,-0.02611942596,0.0001974448307,0
0.1301539618,-0.2688670763,0.6352255438,-0.2614262156,-0.06959920973,-0.7251300884,-0.5590112662,-0.006685872747,-0.2558089118,0
0.6041933608,0.6817140967,-0.1291629848,-0.3392325052,-0.323909832,0.4836419796,-0.2018242124,1.304915198,-0.9557665865,0
-0.706103736,2.052262961,0.4864748399,1.029999855,1.28824518,-0.5535337503,-1.965724188,0.9721454897,0.6519357024,0
0.3723510107,0.2205084063,1.551513848,-0.6701029053,-0.5557215041,-1.274473373,-0.2593763344,-0.6616997017,-0.5403038566,0
0.5213943591,-0.449245014,-0.9819316469,0.05907959938,-0.1266167307,-0.5924578692,-0.9869287298,-0.9711274436,-0.8848114899,0
-0.4245298898,0.3855476427,0.5943677677,1.08193875,1.270908675,0.5443300331,-0.061873134,0.5168043366,0.3556474863,0
-0.1233753724,0.2449715881,1.761118935,1.160867625,1.800463868,-0.5107406099,1.496296959,0.3390026971,0.3355103892,0
0.6851979769,1.501610966,-0.00750002459,-0.7982353403,-0.6156836982,-0.4897609364,-0.8204044699,-0.5187381972,-0.8734513156,0
-2.296289629,0.1324892698,0.0298393794,-0.9541247002,-0.3434847013,0.4619110664,0.2272889145,0.3093711,0.1221890059,0
1.45690281,-0.1713006776,1.172044963,0.7081735337,1.23080758,0.8416558153,-0.287218825,-0.6224045789,-0.4409598224,0
-0.5560506437,-0.1184082184,2.208682205,-1.619058529,-1.310490655,0.8603239823,-0.08583188526,-0.4807472183,0.7695119731,0
-0.3478054303,-0.01629635652,-0.2937592458,0.9742076785,1.107957052,0.4578163977,0.7225230829,1.414644141,0.2250438092,0
-0.3410395029,0.1269170509,0.175750193,-0.5997263981,-0.6026591823,0.7534718414,-0.7749844306,-0.1573476539,1.213593604,0
0.6317426481,1.093226153,0.08787677394,-1.665301,-0.9226874962,0.448339221,0.2671486867,0.7876503164,0.3564983495,0
-0.143165067,-0.3576915114,-0.4857982368,-0.5295014244,-0.3128045017,-1.618194394,1.576789785,-1.049848305,-0.5273646027,0
0.8921922655,-1.650432873,1.393241496,-1.460664226,-0.3738313084,-0.0746694002,-0.6289012461,-1.361400053,-0.6475241249,0
-0.6912373469,-0.1382029053,0.7955963229,-0.7385048376,-0.7718605136,-0.1797053575,0.04127881003,-0.2460314513,0.2579476878,0
0.3394571553,0.4516962115,-0.4327363758,-2.241417616,-1.953535199,-0.5179448052,-1.610908966,-0.4127508815,1.374782365,0
0.05942365099,-0.1714975284,1.075614656,-0.5841184431,-0.4134175999,0.7807916471,1.003740036,1.447719964,0.1837731086,1
-0.2188894298,2.609406558,0.4894779094,1.134904363,1.167661844,-0.2815299717,1.171358155,0.3826463061,0.02842540825,1
-0.2488537415,0.7054211926,1.045506666,1.371729644,1.33740063,1.46055068,0.5415772187,1.390030182,-0.145258012,1
-1.136573006,-0.4874228782,0.1244861658,0.1313487296,0.05930952044,0.5850345623,2.616914968,0.2064080318,0.1009902462,1
1.091394804,1.611415667,-0.1481518882,2.618583205,2.855888266,0.1551989166,0.2131034103,1.484505263,0.4154685389,1
0.9813198534,1.142995843,-0.07204454673,0.5494328691,0.4988853868,0.4912561921,0.9521705622,0.8269474487,-0.4055455139,0
1.546194401,-1.427716362,-0.1969166975,-0.4691663338,-0.3005933746,-0.7215555086,-1.006830457,-1.154318473,-1.023893138,0
-2.20633881,-0.5270659385,2.961510778,2.014606064,1.898006681,-1.847429798,-0.5505051622,-1.974757636,0.02102826373,0
0.6414863554,-0.843306697,-1.821826331,-0.414091622,-1.241572948,-0.1222891864,-1.667551345,-1.928525833,0.194209598,0
0.7915587421,-0.03450952643,-0.6163873844,0.01996384373,-0.5800202056,-1.032376086,1.816849498,0.731752979,-1.057314433,0
-1.344361584,1.9446527,1.256036435,1.170618345,1.400272491,-0.1042952088,0.8175609792,1.816392815,1.004400057,1
0.1124866589,1.131070713,-0.964399905,0.0988648859,-0.358333679,0.9673880113,-0.3523629751,-0.1278527006,-0.3920351852,0
-0.03181024983,0.390238507,0.9081527399,1.924302896,1.932652923,1.263582806,0.1878276966,0.7117226141,0.3555861628,0
-0.6755091382,-1.077433842,-1.161234074,1.220451233,0.532331108,2.143661398,1.780635199,2.416540163,1.630359458,0
0.6831624103,-1.375846184,-1.312922003,0.4070686511,-0.3021377836,-0.2906824368,-1.038389901,-1.128259708,-1.672277768,0
0.9153906498,-1.379559506,0.4626850333,0.2691963203,0.3360634943,0.9886291052,-0.1567594063,-0.2349834029,1.346301443,0
0.3774286721,-1.830381318,-0.4683266135,-1.32245945,-1.897823219,1.490980013,2.16301349,-0.05356070429,-1.472796327,0
-0.3664728299,-0.2340893617,2.157363785,0.9177227769,0.8871868745,0.448152099,-0.3269464678,1.148761544,0.3869799507,1
-0.5836481671,-0.146904604,-0.7857730974,-0.555037919,-0.4188415643,-0.08641955837,-1.004508445,-0.9620567105,1.030700164,0
0.257346323,-0.7862087897,0.6215013161,1.660855645,1.032950255,-0.3546093512,-0.1703665734,-0.05521851438,1.815253576,0
-0.6751007386,-0.4041147385,-0.5773932863,0.4992984601,0.2741409303,0.5868810157,1.056087124,0.7107580701,-0.8549661197,0
1.298665647,-0.2446700905,-0.9067890665,0.09491882872,-0.1647224487,-2.743017498,-0.9348350703,-1.771853737,-1.37495855,0
-2.55161978,0.007314550911,0.6936580038,1.006907999,0.9827281334,1.320027594,-0.04054614141,-0.1164489766,0.5440638721,1
-0.1357884789,0.9396850879,0.4309414514,0.1364280228,0.03331506851,0.4352637036,1.017309654,1.324561269,0.7949451674,1
0.5192333451,2.165192707,0.4854396331,0.9020218477,1.040214847,1.901970395,1.353315844,1.383483909,0.4290649365,1
-3.233225719,1.298074871,0.6699896642,-0.2509276208,-0.7580568041,1.576845701,2.870123758,-0.02740277059,0.6650904991,1
-1.387636459,1.115186902,2.246421276,1.320520806,2.418788873,1.271009106,1.120923802,0.7239786475,1.107164896,1
-3.567574144,3.138365618,0.5457911766,1.35092579,1.265927208,2.449739464,0.6931501356,1.967774127,2.369461774,1
-0.4342595549,1.507777962,0.933171373,0.8066902341,0.8524696931,0.5439134437,-0.03120590649,0.6874584397,0.5229509379,1
-0.8728008921,1.340408418,-0.03657382082,1.584441709,2.114028742,0.6863553445,0.03963545417,0.8959036926,1.158695563,1
-1.826682537,2.493473594,1.982090259,1.387795826,1.577432938,1.549975983,1.786799212,0.3043747475,0.792096867,1
-3.615615432,0.09184624452,0.3397010111,-1.215652217,-1.514802675,2.914671598,2.587521056,1.6222656,1.550647823,1
-0.7973656625,1.462647424,-0.296285845,0.2684187211,-0.06291741472,1.347944759,0.8634364437,0.5588709487,0.9369739771,1
-1.584902312,0.1057037229,0.2517640904,0.1193983159,-0.04112011296,-0.2164760884,1.670465497,1.071002641,1.552306256,1
-0.3697750051,0.6677508219,0.9230570644,0.6407161267,0.4130331027,0.05572699424,0.7652682931,-0.595672977,-0.6158069448,1
-0.4642618468,0.4362135798,1.085699024,0.724783533,0.5984480282,0.1011518989,1.153960294,1.761327425,1.895138823,0
-0.8514951893,2.712932409,1.902424006,0.9165449505,0.3867725621,0.6873854434,1.023641898,2.233531741,0.2495737351,1
0.8290626556,-0.7498737123,-0.4687058272,0.4599940046,0.2128517688,-0.8977848589,0.2585752315,0.07730293937,0.7900408655,1
0.7743029866,0.09824820455,-0.4102612255,-0.158991401,-0.1013096931,-0.2718198849,0.2833400827,0.006241510428,0.6718946145,0
0.01795367303,-0.1094808699,0.2948384245,-0.7746558665,-0.4606377531,0.7706603388,1.825522039,1.336384023,1.642216563,0
-0.3727219387,-1.132497211,-2.441482636,-3.262161062,-2.167088462,0.9984462708,0.5978777269,1.564288059,0.05759601642,0
0.6833556003,-0.9087116835,-0.05264633355,-0.5111630714,-0.7409257026,0.1050130941,-0.1597651593,1.534529514,0.8624183653,0
-0.06098652649,0.300773226,0.2145846594,-0.4974853271,-0.2454813053,0.4036010099,0.5566346861,1.639345085,1.313963432,0
-1.270505254,-0.36070203,-0.7622027677,-0.880035612,-0.4690893773,1.232772549,-0.860301013,1.60398518,0.7504656767,0
0.2851621729,-0.6934014886,-1.041731953,0.08883977182,0.2730777289,-0.9247484245,0.8876288226,-0.05405964793,0.5691541757,0
-1.920702258,-0.004246894364,-0.2666056012,-0.2079353277,-0.07935155395,0.4055852352,0.1837098746,0.1617868653,1.773414448,0
-0.7199553604,-1.3677594,1.02307458,1.08288357,1.189602187,-1.492639058,-0.08891044656,-0.1886442967,-0.1792474032,0
0.5872730254,-0.23395072,0.8013292929,0.9710356694,1.188887992,-0.9929762783,0.04988654704,0.844811219,-0.1889566146,0
-0.3099303082,0.01741666351,-1.411108957,-0.5781325217,-0.6962358728,-1.824324208,-1.16559565,-0.9434042893,-0.0768448983,0
0.1612906414,0.1375972942,-0.04794821445,-1.057582599,-0.8178423759,-0.3532781417,-0.1537650488,-1.188411888,0.3106687847,0
-1.547100051,0.5703191766,1.500763506,1.12430148,1.051626646,1.487761137,-0.06611503358,0.4980927266,2.51672146,0
0.5226505341,0.2245008553,0.4661269018,-0.221065528,0.1443369367,-4.369901994,-0.8914381652,0.253524568,-0.09601909999,1
-2.743909343,0.7945771182,0.3500072008,-0.4350668523,-0.160788908,0.3134774091,1.702036593,0.80809236,0.9000341051,0
-0.7049040539,-1.014449942,-1.247272191,-1.455856551,-0.9142452702,0.121193021,0.4339103113,-0.6814872637,-0.01828577316,0
-0.3037103973,-0.6498962802,-1.792501277,-0.587611394,-0.5791423914,-2.094379948,-0.07632607009,-1.923195401,-1.227001662,0
0.0697099778,0.7048334489,0.510678918,0.02035798306,-0.001925562101,0.5610095107,-0.3612570492,0.6510601313,0.466166676,0
-0.09587006899,-1.243694476,-1.401427864,-0.9637245459,-0.6716315748,-3.4061182,-1.742599325,-1.185615723,0.1152293729,0
-1.134012069,-2.199483676,-1.296298795,0.112056882,0.8473267246,0.6348325222,-1.207401148,0.1270816065,0.05703373977,0
0.2417074427,0.3082437416,0.1308414281,0.05100494076,0.2956179464,0.7969222752,-0.2134206679,0.3058616212,0.5454476835,0
-0.2971111471,-0.4069986054,-1.130009116,-0.5139178541,-0.1858814624,0.02340736112,-1.146643979,-0.3641179737,-0.7005119341,0
-0.908856938,-0.9505446961,-1.377409101,-1.597895381,-1.023626214,-0.5890858852,-0.5220900538,0.2875134787,1.756727895,0
-1.471536285,0.9441242801,1.08432025,-0.8886861881,-0.465627543,1.850007379,-0.5534358329,-0.7126122869,0.7189895435,0
-0.9597103525,0.1053062952,0.9524405849,0.1770688234,0.4220591463,1.039502752,-0.2137110766,0.9657581654,1.845326224,0
-0.6355382535,0.4696406221,0.3435841302,-0.6063194088,-0.6595821704,0.8403607202,0.3796139008,1.684238739,0.1219937314,0
-0.09952552064,1.191618618,-0.3008336243,0.2883846913,0.4849331798,0.2832939464,1.024923702,1.172549497,1.462222721,0
-0.7163845548,1.346844122,-0.1788842994,-0.938379304,-0.9580370911,-0.3112407206,-0.400028278,0.8821064674,-0.1403821596,0
-1.043613314,0.03139786934,0.1460099238,0.8481701887,0.7556647052,2.838064415,2.281336834,0.5674054235,1.07234066,0
-0.4883608664,-0.5914369181,-0.864631655,-0.09054373683,-0.1819773252,-0.8637066838,0.08876292386,0.7033083935,0.6566648687,0
-1.510069009,0.282099749,0.6351325877,1.558648195,1.844059279,0.1030355723,0.08678180252,1.789794736,2.123017054,0
0.1361758702,-0.4672538907,0.8952995876,-0.02291971543,-0.1207978289,1.105386628,1.23294645,1.738068686,0.5488469014,0
0.6276491505,1.067861139,-0.458100936,1.150056217,0.988268185,0.5360257014,-0.2663050914,1.784312266,1.835551698,0
-0.4007961836,-0.3192458239,-1.504871545,-0.5503365159,-0.8352721755,-1.165268703,-0.1869434069,-0.9893574169,-0.7847483595,0
0.9438927441,-0.8721127184,0.5004617453,-0.7915102972,-1.303711202,0.1278584984,1.252113423,-0.4518390104,-1.236722233,0
0.3005081727,0.8335887693,0.2145846594,0.1344705139,0.5811618336,-0.3745013078,0.9157383807,1.55909303,1.361379256,1
0.9971820813,1.271516579,1.310969385,-1.770551698,-2.131784645,-0.3703049395,0.8355204913,0.4899766232,0.5275315048,0
-3.586986285,0.7599915368,-0.07186213524,-0.5194274196,-0.8371198912,0.6139333568,0.2619650019,1.19167268,0.4020160219,1
1.271453817,-0.5253120759,-1.230647773,0.07739408395,0.08296405257,-1.179102418,-1.176652877,-0.2135133137,-0.7076568232,0
0.1306676124,1.006117374,0.05102087904,0.1212596556,0.1748558398,0.5639389243,-0.1645251914,0.05416008048,0.1372291568,0
0.1899856233,1.240451607,-0.9113972271,-0.3120819357,-0.918509377,-0.3190346145,-0.03167990687,-0.2631264382,-0.5260414656,0
1.12216028,0.02949509059,0.03499782019,-1.180375177,-1.262081113,0.2482393001,-0.2630738775,-0.4758005528,-1.043452414,0
0.4354463804,-0.2192758904,-0.793174747,0.7260957775,0.3834581621,1.879605405,0.2809333624,1.194443262,0.1465890751,0
-0.1134137289,0.6747264275,-0.1063413841,0.05552179169,0.01652670398,0.2308237013,0.7054991809,0.913514418,0.9383541107,0
0.4635331654,-1.646494929,-1.003122315,-0.4647583223,-0.8712097683,0.8494997757,0.4693401712,0.21016143,-0.5256296974,0
0.9882440945,-1.531838918,-1.853058549,0.1355888688,0.1024272968,2.438531273,-0.314015567,-0.2720281166,-0.5708333322,0
-0.2879881932,-1.323097527,-1.26698451,-1.181772733,-1.116199645,-0.1731314919,-1.977227847,0.3362612668,1.865426194,0
-0.1885699403,-1.440316197,-0.2751255166,-0.3425923951,-0.4225805526,-1.093883518,-0.8732425588,-0.9307417834,-0.5346999581,0
0.3155030486,-0.06213823485,-1.653223311,0.5879797205,0.4771880915,-1.069391296,-2.130780607,-0.3236443069,0.8101095982,0
1.484213016,-0.3075535765,-1.027689028,-1.99184482,-0.9161370248,-0.01673968315,-0.04780092708,-0.9487513161,-0.2744397039,0
0.3728961476,0.614686728,-0.2808621673,1.548879264,1.379928399,0.6183062497,-0.2771436777,0.7564370414,0.1717097783,1
-0.04295693604,0.3590469969,1.103894098,0.9368630241,1.41395509,-0.3025597351,-0.7481648721,-0.07426036291,0.3379164839,0
-0.8266657064,0.07871425915,0.4172031621,-0.5034167961,0.09358315267,-0.1419380407,-0.8614826759,0.4902881443,0.545998601,0
0.9211135745,-0.4107554218,-1.665768772,-0.8910764585,-0.817756213,-0.8521677882,0.3966946048,1.080628192,0.7537001874,0
0.7079342804,-1.266595309,1.397675893,1.567488007,1.289801994,0.2456495286,-0.4906107534,-1.115395551,2.545800818,1
-0.8780301317,2.188112286,1.115070676,2.232800606,2.608339618,0.01540565991,0.3538793516,1.55157589,1.765201801,1
1.585195652,-0.1941460883,-1.392583531,1.867821368,2.232146604,1.057103813,0.4879463554,0.5970255138,0.5685918991,0
-0.2918725024,-0.5431419564,0.1945044038,-1.444395352,-1.58026734,-1.198200586,0.287475903,0.1320478853,0.5043816096,0
0.4695712442,-1.258658004,1.689085879,-0.4084915751,-0.3645220685,-0.5236779552,0.66293428,1.049834254,0.8591213795,0
-1.061188324,-0.01300530059,-0.720202572,-1.204200325,-1.30532915,-0.9885430543,-0.2646994985,-0.3225622601,0.4591836543,0
-0.6774191957,-0.9480157813,-1.596861707,-2.214689059,-1.762245323,-1.699890046,-1.382545961,-0.6609780374,-0.02480875024,0
0.646117646,0.3630156497,-0.184314336,1.879071615,1.686009694,-0.06257796813,-0.09651281192,-0.04416772365,1.134486429,0
-0.4784196681,1.022685609,1.476960362,1.465151552,1.37589406,3.503021203,0.6515549326,1.539605653,2.042103173,0
-0.06957338934,-0.3243017788,1.7343619,1.136659224,1.189820466,-0.5074600419,-0.8907121435,0.967248049,1.001862974,1
-1.500275157,0.8469625856,0.8095089655,0.3809770333,0.4942694099,-0.4597336147,-1.17493546,0.5607476001,-0.5550413098,0
-0.2533303733,1.095103681,-0.3571339056,-0.05395755446,0.1013224968,-0.7037039425,-0.232881388,-0.2233390209,0.2281135097,0
0.1377653333,-0.4635626874,-0.337105082,-0.3528002921,-0.2672900955,-1.196560472,-0.06535896958,0.3206746763,-0.6237441328,0
0.04147584607,0.5447675762,-1.538824605,-1.940890647,-2.093371304,0.2034534589,-0.8046660521,-0.5813384907,-0.8959797437,0
-0.9586319002,0.2284001457,0.8035171327,0.2123846414,0.005398285336,-1.962920556,-0.1842796582,0.03577882943,-0.04592820195,0
-1.138191071,-0.7717847251,-1.168151909,-2.210820575,-1.256704547,-1.815330395,-0.7356956577,-1.074312387,-0.5521532524,0
-0.2767992507,0.3847579432,-0.4665931572,0.2064795413,0.1162076184,0.8446397645,0.5195942263,0.5951067243,0.2944167177,1
-0.6425952189,0.5090965673,0.5497415529,0.0009767837248,0.1950122168,-0.1547461254,1.231225695,1.439521592,-0.05447026337,0
-2.207266468,-0.05208069002,-0.8575360115,-0.1827715665,-0.3050888072,-0.9556111715,-1.257042675,-0.6982341575,0.5669363067,0
0.005096891529,0.1825984803,-1.342073311,-0.05797959927,-0.2483744644,0.704832325,0.9283861798,-0.5033829639,-1.205924807,0
-2.478067719,1.625450299,1.086341925,-0.0286603972,0.462551885,1.59912578,0.6637921539,1.014511973,1.144652845,0
0.472185864,-1.557311782,-1.08714051,-1.640436299,-1.59886704,-0.2471846557,-1.779985271,-0.7580507275,0.05626983866,0
-2.146775954,-1.200792908,-1.189533791,-1.008300529,-1.120553744,0.4789255973,-0.2893408426,0.5382789512,0.7598681918,0
-0.1842247808,-0.7895358699,-1.591502883,-1.623628402,-1.390295354,-0.9576289141,-0.3962162468,-0.9934162211,0.5549779887,0
-0.7066377287,1.47668112,-0.1749635954,0.3850874918,0.2935136567,1.057155206,-0.2907261254,1.045655056,0.9660334567,0
0.4329446219,0.8790192523,0.8653206423,0.06337509399,-0.1607065745,0.6544267467,0.1149798185,1.838780304,0.6103026032,0
-3.703716205,1.068181705,1.03060344,-1.017849201,-0.8682802293,-1.980751769,-0.4210495276,0.7180266377,0.7882830411,0
-0.1321048119,-0.6132710699,-1.21067236,-0.93131552,-0.5806186493,-0.3499219408,-1.855937157,0.9051500007,0.534000526,0
-0.4974148496,2.373328582,0.1457270476,1.843881437,1.692290013,0.2352301115,-0.008253606058,1.618733523,0.9086414815,0
-3.511811264,-0.3900816838,-0.5040337047,-0.1192673102,0.2371324772,0.239661101,2.143900088,-0.01658380762,2.013941064,0
1.469550454,-1.204735316,-0.7964545287,-0.1530444208,0.0004869994077,-0.6968418302,-1.501860537,-0.7944038878,-0.9312469846,0
-0.2043046846,1.173340694,-0.2974747164,1.284617115,1.592124672,-1.371409151,-0.7562712802,0.3754707899,-0.3381189543,1
0.4122408459,-0.1733055057,-1.379753215,-0.04533489843,-0.2262899529,-0.743453248,-0.3004531474,-0.5069361106,-0.07565219026,0
-0.406793507,0.449401805,0.3516906111,0.4203179984,0.368506025,-1.351488691,-2.426278123,-0.1185595692,-0.8378238675,0
1.393933392,-0.3248416806,-0.8818732576,-1.536241607,-1.059060232,-0.856636764,-0.7638703075,-1.033677692,-0.05172987465,0
-1.856365055,-0.2795236771,-0.6896440271,-1.204321312,0.08459540368,0.4852536671,-0.4690871302,2.213848723,1.198461017,0
-1.796517223,0.8712844098,0.7345091812,0.2433294135,0.6524587703,0.1074911411,-0.3595379633,0.4447518831,2.53902794,0
-0.6836108913,0.9571512845,0.306096107,-0.2123063737,0.5755363528,1.364931336,0.7270862267,0.9366422276,1.346978726,0
-2.417950274,1.731910301,1.368482275,0.4946924783,0.3884422078,0.3759402841,0.2464982357,0.167674163,-0.3372329426,1
1.693056556,-0.1260041131,-0.1191083991,-0.2375957754,-0.6467151757,0.02842825545,1.726968346,0.7820494953,0.9282501697,0
0.3635192558,-0.6784529587,0.2127746472,0.1638160849,-0.1434701629,0.6622541579,0.8140369245,0.8447118934,0.793692824,0
0.3046746352,0.1222700833,-0.1286114577,-0.2532062108,-0.7946071109,-0.09347646694,1.62797904,-0.9648495838,-0.564000819,0
0.3872577463,-0.2069106405,-1.539586195,-1.066422411,-1.338559312,0.1935256291,0.1655860359,0.5718630349,0.01671168856,0
1.348331163,-0.7434830002,-0.1793313625,0.2291739253,0.05625355015,0.08904320897,1.670517236,0.2871658392,-0.4992197336,0
0.6616015874,-0.4938215562,-1.034513664,-1.61399752,-1.944146716,-0.3257067954,0.5274736482,1.299695262,0.3353635208,0
-0.6102416503,-0.2056358725,0.73439247,0.58393596,0.4663870919,-0.4535418487,2.487423523,0.2342057438,1.011523909,0
0.3443140269,-0.6923366823,-0.8188393353,-0.9116969998,-1.135027199,0.4590967516,1.347956635,0.5465485577,0.9032799749,0
0.6716462419,-0.9325723415,-2.145681144,0.3351012149,-0.02486595848,0.3071694497,0.5958164928,1.023613808,0.1460012404,0
1.526749181,-1.13931722,-1.450298194,0.6325262322,0.5035022445,-1.013870975,0.2809333624,-0.56261261,-0.8358019433,0
0.07437804599,0.5530948109,1.201826638,0.2090466389,0.09106145147,-0.3904108618,0.08090353012,0.1756111794,1.579003037,0
0.6815498197,-0.1724375386,-0.5720743383,1.788885054,1.1412916,-1.063977132,-0.3748228068,0.4056010525,-0.1763707049,0
1.097641166,-0.01201735537,-1.387232621,1.598721287,1.272266884,-0.2745414912,0.2079105986,0.5731000898,0.699605198,0
0.8992184851,1.117168416,0.2971548445,2.829310335,2.696237276,-0.1447579645,-0.1821700227,1.639533201,1.039734294,0
1.414815865,0.2284001457,-1.021072098,1.022628903,0.7435501999,0.06770608392,0.3446597103,1.338713659,0.4051681789,0
1.064306331,1.105502414,0.2858912276,0.8698113647,0.3695706156,0.8380457907,-0.2625982081,1.923675077,0.4184271166,0
0.2437797013,2.551846722,1.716847312,0.5877827287,0.2823660907,0.5846191099,1.290923039,2.126144241,1.042332694,0
0.4097547626,0.1513404183,0.01484239469,-0.01101179488,-0.192676844,0.6228310877,-0.01885018513,0.7394177547,0.5176348678,0
0.07974522715,-0.731757009,0.7394308318,-0.8325993705,-1.167169794,0.7097213845,0.7385473558,1.148318572,0.4540464904,1
0.02150253347,-1.702127305,-0.6716072061,0.1522974946,-0.0368540915,-0.312552365,1.553906465,-0.4122366998,-1.187718971,0
0.6906727737,-0.05510264012,1.044264581,3.239174229,3.102577735,-0.5464406835,0.9490903164,1.583537656,0.5610409212,0
0.8173532972,1.117770182,0.5964873435,0.09547544775,-0.1823219768,0.3405728095,0.1779934967,1.957194448,0.6671777382,0
0.08560147388,-0.3746982331,0.0306537909,0.6214419544,0.3720272159,-0.7981244636,0.1266679337,0.6516636095,0.45327407,0
0.7820496599,0.6388304595,-0.2814635265,0.4352955783,0.05407458587,0.2730555228,0.1602251583,1.64752891,-0.5202937488,0
-3.795892526,0.1364650002,1.828787171,-0.7826813427,-1.22318526,0.3521653327,1.15291549,-1.35503355,0.8297410047,0
1.18746621,-0.2664573048,1.078892192,0.6820533786,0.3420693291,0.4388098359,1.923416471,0.942850076,0.6375162251,0
0.1632030131,-0.7225186901,-1.212211365,0.9286886407,0.6401030089,0.4784362445,1.436825032,2.822905622,1.030936653,0
1.322150479,-1.023292708,-0.49811902,1.53304857,1.328060241,0.1508156272,2.91065246,1.025743288,0.2118529233,0
0.04791834448,-1.072839942,-1.06794449,0.39110117,-0.1831127609,0.425954827,1.320961979,-0.6031901171,0.3577949513,0
1.081072502,-0.2388004625,-0.2482186466,1.546264082,1.206873064,0.7931258802,0.2244772459,1.438022679,-0.4971864503,0
0.2441151501,-0.9182143293,1.290596362,0.0650316863,-0.2555776838,1.385848378,2.106050155,1.272639578,0.4963961453,0
0.5769869732,-2.025644685,-0.1418571864,-0.6325317247,-0.6910641834,1.100743362,0.8847264047,1.832316617,1.574749045,0
1.683598153,-1.008852211,-0.06567842142,0.5883814596,0.2894410231,0.08314639537,0.4344093469,0.4027236207,0.6284005279,0
1.534348507,-0.5947625629,0.008678462417,1.846333752,1.757563205,0.1301376761,2.223159962,0.4263119397,-0.08985961488,0
1.428218143,-0.5292619821,-0.05136251069,0.843842574,0.4845712956,0.3970740707,0.9004802415,1.912726689,0.3376978208,0
0.6765964633,0.05634395489,0.6040300501,0.9257011905,0.6269507192,0.5750555017,-0.2218809072,1.270212121,-0.3012642758,0
1.388773124,0.07303966676,0.2787955841,0.7816955446,0.229471637,-0.1812136347,-0.04838341347,0.0726316275,0.8261685601,0
0.3424988412,-0.5994698313,-0.703502984,-0.4323492964,-0.7018594388,0.5308707378,0.6051596412,0.2589844648,-0.006639831053,0
-1.265664759,1.459111818,5.067348044,2.417250061,2.260030837,-1.143042252,1.76537406,0.5651088958,0.9286988551,0
1.105726423,-2.723677663,-0.1586062283,0.6562350462,0.6783899771,0.7244958186,2.716616062,1.652441011,0.8865479849,0
-0.6122606133,-0.4349591424,0.3568872254,1.645343192,1.923815499,-0.4330985188,0.6520439542,-0.3697283637,-0.06062406891,1
-0.2900980722,0.2173771516,0.3060980851,-0.2650908646,-0.5990632565,0.375779401,0.9236728802,0.328020254,0.8302322868,0
-0.4104113382,-0.03507565944,-0.3405470724,-1.514028069,-2.137086536,0.8161679196,-0.1793293584,1.60375041,0.6364910641,0
0.292542047,-0.9112462222,-0.2861181262,-1.154696445,-1.381328667,-0.3256554021,1.056064192,-0.6990874545,-0.1133559633,0
-0.02040662408,-1.108036662,0.5610922087,0.3487789592,-0.02886391755,0.6046177767,0.8613468363,1.5120714,-0.2057397206,1
0.3068566201,0.04363189311,0.3449609264,3.293122057,3.113346184,0.3608843046,-0.5514413594,0.9747772285,-0.0730821884,0
0.6006502229,0.968656066,0.0795814869,1.764561998,1.732160464,-0.0249179089,0.3323674115,1.761389127,0.4190916254,0
1.070284844,-0.2158677606,-0.3012134302,1.5633791,1.289051419,0.5013285731,1.214498822,0.6830203924,-0.3095138397,0
-0.2868752555,0.3642585485,-0.8207897966,-0.5448393594,-0.6291111356,-0.830857477,-0.566525921,0.7587877467,5.439932443,0
-0.1958181429,-1.456601359,-1.608693054,-0.261205318,-0.156113134,-1.30294891,-1.112833064,-0.3914430412,0.9782842721,0
-0.02834766957,2.761126139,0.6848020919,1.735072173,1.271127619,-0.2719785336,-0.8261028865,1.405815609,0.9106492067,0
-0.5534191278,-0.9846653621,-0.5153902949,-0.9568934293,-1.333960128,-1.219345545,-0.3369895646,0.787869071,0.7618219612,0
0.2053817838,0.4337896459,-0.2423850663,0.368605329,0.06694158058,-0.3293892314,0.05343153585,0.9120185147,0.3562103535,0
1.263876435,-1.281030182,0.4281403834,1.958906025,1.664505346,0.2720969275,1.863346936,0.4461966188,0.5809250682,0
1.645520009,-0.6812630724,-0.5308100164,1.013294284,0.9395803961,1.184766811,2.301066265,1.02738216,0.8450815019,0
-1.676432815,0.6757874844,0.5983705475,0.4539275884,0.4736496679,-1.129606276,1.395576984,0.6998545724,0.9223093477,0
1.309522555,-2.847733214,0.2056631785,0.2843223175,0.2534459883,0.4804137663,2.097177669,0.9683842734,1.395757645,0
0.5657729504,-0.8405584603,-0.9000663529,1.44097275,1.442086323,0.07355150429,-0.4496431002,-1.193915428,-1.076027542,0
0.9515390962,-1.080209226,0.04355334235,0.4319854959,0.8832451701,-1.488654966,-1.385501787,-1.245042515,0.977818548,0
-1.163873284,0.317825123,1.698945006,1.020744296,1.14425369,-0.8424790486,0.2421370984,-0.5856064805,-0.004998437603,0
-0.7718809571,-1.033526471,0.3889155397,-0.006228151922,0.5691526385,-0.4488203757,-0.8978171422,-0.3242507949,0.9736014732,0
-0.7456438432,0.7636190017,-0.9269138782,-0.3021966709,-0.2751309204,-1.005670404,-0.4627348574,-0.5947143347,-0.4849640327,0
0.2590285151,1.091639312,0.1098393521,0.6754735429,0.4325901687,0.1833430677,0.0152745047,-0.03307335795,-1.124062439,0
0.4487671472,1.544451913,-0.3746702533,0.5351983318,0.5011777606,-1.415100093,-0.07953892482,-0.8921297188,-1.406830798,0
-0.3154354309,0.6574833153,-0.9584298502,-0.6910103639,-0.777372614,-1.125362983,-0.6569131216,-0.9374537844,-0.6857223544,0
-0.07270842506,0.8581111819,1.333000101,-0.4151458644,-0.6958548412,0.1054175364,0.02351276495,0.5182196999,-0.2326154085,0
0.5809371182,-0.4177385261,0.6507461683,-0.3753504223,0.02180944779,0.927892315,-0.1670837921,0.3250886446,0.3439226209,0
0.9620289258,-0.3484455104,0.693636534,0.0951962468,0.05128482228,-0.4196781844,-1.046843531,-0.5887036325,-0.8245365319,0
0.2882627232,0.2015212869,-1.340415617,0.6613909571,1.091060538,0.009801564235,-0.05174814861,-0.6902956362,0.1345995195,0
0.1900922146,1.24931312,1.138349609,0.7444377288,0.8697137636,0.8784073458,1.304370297,1.180089211,1.559028017,0
0.2202387181,2.758422881,1.688488476,0.8216166272,0.7235757224,-0.04260611519,0.3844223343,-0.185920368,-0.7996117736,0
-0.5099016969,0.9615042424,0.5711590416,0.4881545227,0.3835213483,-0.4915035637,-0.608550061,-0.3947659332,-0.05186902392,0
-0.06874573991,-1.523809754,-1.700873118,-0.4511178047,-0.1508878321,1.433999358,-1.361788415,-1.211177009,-1.228861719,0
-1.011689245,0.6594085899,-0.4473100982,0.8784991676,0.8411344834,0.775616433,0.7308715537,-0.03017485709,1.559201244,0
0.2923382696,1.1140996,0.1586542932,0.3644436837,0.5975212983,-0.0479264309,0.7436295078,-0.1304048965,-0.1735962389,0
0.4726780646,-1.484891836,-0.2981275077,-1.373275114,-1.366786282,1.885386026,-1.113422227,0.9047075504,-0.4001880488,0
-1.166710491,0.05901534377,-0.443539734,-0.328305062,-0.05252616765,-1.139668175,-0.297270335,-0.8075314179,-0.8992824091,0
1.12566525,1.009596741,-0.2933146556,-0.1634694741,-0.3051271018,1.130448644,-0.08221101855,-0.2783458251,-0.9109283512,0
-0.226717055,0.2087612194,0.1801014542,-0.1827715665,-0.2101085582,0.09503387105,0.5861812666,-0.7178870769,0.1280367855,0
-0.6953484651,0.1302655033,-1.797826471,0.1618539227,0.08453413228,-1.534770327,-0.9839667125,-0.7846684766,-0.3065888652,0
1.069983881,0.2512447387,-0.2059375528,0.2444167461,0.08799405184,-0.6735003695,-1.038748807,-1.200470916,-0.1133190462,0
-0.170900879,0.8283415991,0.5146431414,-0.3990778497,-0.06998660288,-0.3896466669,-0.5266731702,0.06063580696,0.1761142788,0
-0.8703681044,-0.929739732,-1.669232522,-1.551808611,-1.075693503,1.605503008,-0.1682487649,0.2185378868,0.05053916049,0
0.2718915667,0.6738359646,0.4309849708,0.3188346573,0.4104884247,0.6253851074,-0.8179163657,-0.9003120392,-0.4976976109,0
-0.231811488,-0.7311214996,-0.4407683383,-0.7889028706,-1.284351353,0.8028593096,-0.8793027539,-2.008941966,-1.86244243,0
-0.5906069215,-0.188218417,-0.4510408993,-0.05136098562,-0.1031057111,-1.485897608,0.3245647643,-1.026065741,-0.5954087975,0
0.2542099652,1.810222301,-0.04790469503,0.8506690372,0.3536036708,-1.19540971,-1.165131663,-0.6567145624,-1.249799424,0
0.2876639314,-1.328265962,-1.150409833,-1.061610848,-1.570232233,-1.094656651,-1.027916896,-1.128387638,-2.246349591,0
0.6676302611,-0.7469211246,-0.269657895,-0.1022081321,0.3901616366,-1.644901533,-2.090437165,-0.8111853951,0.3077892467,0
0.9226779574,0.02633441574,-0.4676752082,1.037335037,1.666988753,-2.357522182,-1.757021287,-0.8751420356,-0.7059813524,0
0.5229013369,-1.488299965,-1.225759751,-0.6564390817,-0.8790773994,-1.138137551,-0.9169457282,-1.178006782,-0.8383719452,0
-0.3455098286,0.5160646743,0.2349260315,0.01998106177,0.3454239385,0.2990604931,-0.9297203725,0.003275287584,-1.118368678,0
0.540814931,1.182374676,0.3855012434,0.6463342703,0.7838897601,0.9310831638,0.4397602104,0.9649078782,-0.06486102225,0
1.662693735,-1.686631375,-0.7441896845,-0.007265848789,-0.4278537228,-1.334792597,-0.3087865416,-1.348848275,-1.272563109,0
-0.3514726666,0.1947406458,0.107827568,0.9440524486,1.091355407,0.3064588825,-0.958404072,-0.4093607729,-0.320833207,0
1.054662961,1.461488885,0.3288646758,0.3753945654,0.3932290362,-1.271632562,-0.7403305136,-0.4510203268,-0.2831833898,0
0.2803216777,-0.3674920445,0.9482053541,-0.3757754281,-0.2690229273,0.2056991193,-0.7236386901,-0.6099412463,-0.2261151497,0
-0.4569760238,-0.01498868967,-0.2728071184,-0.2054488881,0.06200157368,-0.3149924258,-0.6438530757,-0.05949697068,1.452993432,0
1.450273119,0.3453169953,0.8146422788,1.603092333,1.334869026,0.8594454814,0.6242431639,0.8196231562,-0.2377128155,0
0.7245593748,0.009494355134,-0.8235552578,-0.07157513445,-0.09277765021,-0.4039898448,-0.9354100461,-2.106314137,-0.9734063742,0
-0.5758032828,-1.274395765,-0.4108289561,-0.4155972393,-0.4951852509,-1.112342622,-2.408207692,-0.6187496189,-0.6773648787,0
0.4044001216,0.8789761351,0.5407725963,0.5591274044,0.6479170276,-1.094786251,-0.547719455,0.3886073496,-0.9184935279,0
0.5122390804,1.619633232,2.547866445,1.547383988,1.598734324,0.3452875789,-0.05920697865,-0.3668343776,-1.151949089,0
0.7885423189,-0.3203200034,-0.3314554701,-0.1784951386,-0.2858993695,0.31774975,-1.20146613,-1.407919903,-0.8367191926,0
0.1908602983,0.2654077864,-0.2556743144,0.02048052125,0.1311329493,-0.6957357587,-0.461715089,-0.5969055171,-1.174462873,0
0.1419944965,0.5765767879,-0.2573517902,1.174818239,1.771012278,-0.2857228687,-0.7731483644,-0.6113950115,-0.5011110277,0
-0.6409493252,1.590992194,-0.4879097599,0.9247503562,0.9447999538,-1.085434919,-0.7948973047,-0.1193601935,-1.182598846,0
-0.2785486006,0.7326102694,-0.2168272984,-0.8416501346,-0.8749932774,-0.3459423179,-0.7223835905,-0.7528903124,-1.282425669,0
0.3902673806,-0.7408191099,-1.464819833,-0.1716143862,0.06706795285,-0.5511777979,-2.106409643,-0.8605532156,-0.7266890359,0
-0.8888679502,0.8557097439,-1.377656371,0.6952937081,0.6341443649,-0.995717995,-2.403579512,-0.8084328728,-1.163816534,0
0.6923249375,-0.6116532393,-0.3853127294,-0.9401754968,-1.07072669,-1.339686126,-1.451886876,-1.702955988,-1.149024114,0
0.2643674809,-1.295641274,0.5604315048,-0.2880039559,-0.8614599562,0.05591022225,1.017222865,-1.071999305,-1.475979466,0
-0.5099016969,0.7855281399,-1.229652761,0.3358255862,0.1909529863,-0.6215418221,-1.202093679,0.2555622473,-0.6448721039,0
1.802152664,-0.8086217719,-0.01428594378,-0.3321146039,-0.5074261285,0.9425349143,-0.5405226604,0.8016316828,0.4017462427,0
-0.1438298455,0.3130747375,-1.512663499,-0.5293576667,-0.6928946666,-0.5907170614,-0.7948105159,-1.512240351,-0.6690670385,0
1.734630265,-1.461912267,-1.24083923,-0.3066949085,-0.4147186657,-1.467972546,-0.09178782919,-1.287538812,-0.8929440177,0
0.7135616695,0.1923073386,-0.8308032193,0.2833125407,0.08941095305,-0.845278862,-0.95516952,-0.9660249365,-1.593926933,0
1.31209642,-1.399814192,-0.751896578,-0.4052063106,-0.8165958858,-0.9045263089,-1.541219259,-1.399867007,-0.4753116169,0
-0.3550654175,1.074827371,0.8750195383,0.5965000028,0.5764209587,-0.2986694917,0.528528466,0.9153700003,-0.04286407819,0
0.09696284334,-0.5879463033,-0.4619346012,-0.01732638972,0.2775179909,-0.08970465135,-0.5218180042,-0.02780007289,-0.9358190321,0
0.09768076652,0.5711627731,-0.7936732422,0.3495312507,0.9912302744,-0.02218066121,-1.633440708,-0.7401345007,-0.1627908719,0
0.2968056956,-1.821389353,-1.083793471,-2.659180075,-1.263115068,0.4456674793,-2.134163701,-1.28846585,-0.7453719554,0
-0.1556489302,-0.1507364876,-2.024877171,-1.110132871,-1.440311966,-0.4383987241,-0.7711321937,-0.6594956785,-1.320302669,0
0.5906808093,-0.7266654355,0.1107651288,0.4398217359,0.2468171884,-1.363979478,-2.319167387,-1.23976321,-1.224860467,0
0.465423592,-0.1963863057,0.4395622527,0.2462718813,0.01422519689,0.3482259306,0.3000669555,0.7761561778,-0.2556261544,0
-0.8272739033,0.9945582276,-0.2440012193,0.008529169444,0.3004583873,-1.574318529,-0.660523202,-0.6748474995,-0.5253315204,0
-0.3077890788,-0.6927509819,-0.8622736938,-1.303687379,-1.326128876,-1.493926123,-1.508104324,-1.158699997,-0.5856229119,0
-0.8188782777,0.6060651718,-0.9155810258,-0.8174356566,-0.2156478761,0.05933569221,-1.416340185,0.03866529083,0.3364596763,0
-1.495287315,0.1568087983,-0.8280041294,-1.108868711,-0.7614745995,-0.9836204774,-0.8236460957,-0.6113257846,-0.5907799543,0
-0.01256589974,1.139233151,-0.3442660046,-0.1523898497,0.07039001175,-0.8513387932,-0.6871389913,-0.4213099406,-0.2402203422,0
0.1525940523,-0.2610620366,0.2633125617,-0.5474157638,-0.7255657277,-1.126133882,-0.9462019,-0.9080338502,-0.4359238536,0
0.7794914708,-0.2056939869,0.3841007094,-0.9196201024,-0.8237110275,0.1445903439,0.4949011428,-0.01586896447,-0.2088066842,0
0.08300252926,0.282665896,-0.241006292,0.409984461,0.3178422333,-0.8109638312,-0.9471949642,-0.8166106784,-0.9097413227,0
-0.928604528,-0.2069218885,-2.702108568,-0.766174362,-0.1192737027,-0.9164495364,-3.325842399,-1.504369551,-0.1002191362,0
0.2722615009,-0.5793397444,-0.8558268853,-0.7315984265,-0.2393848007,1.589121977,-0.2703057214,-0.3512417674,-0.4695525409,0
0.04324714125,0.08297910808,0.1918734571,1.245156714,1.072211922,-0.7451358174,-0.5064947734,-0.3759000937,-0.667334772,0
-0.9894336262,0.9506443436,0.1813239543,-0.1002831967,0.2264463615,-0.8351856801,-0.8141727641,-0.461452522,0.1423975583,0
-0.1759326113,1.127908337,0.9652966169,1.025479855,1.323001521,-0.6618318736,-0.3844780611,-0.3261816239,0.0325349486,0
-1.415105642,0.7046384844,-0.2763697763,-0.3561615614,0.1964674126,-1.989658438,0.3348442304,-0.3420887652,0.4257707904,0
1.707973056,-0.1687238394,-1.334457413,-0.918402476,-0.635002764,0.4955814702,-1.055774433,-0.6782290838,-0.9620671284,0
-0.2409219019,0.3629837805,0.7700408087,1.677092994,1.722542769,-1.149432887,-0.3382546783,-0.6682709425,-0.7071910991,0
-1.335246877,-0.1054859718,0.4161250674,0.7362757544,1.095299753,-0.2659275403,0.4259123893,0.1569770996,0.4467397338,0
-1.923229097,0.6976497562,1.857112378,0.5288806348,0.6682591335,-0.6395987189,1.334771413,-0.2011653388,1.400761339,0
-0.9910607097,1.855079138,0.1795317455,0.143507318,0.4756371591,-0.6271503868,-0.5610916067,-0.1561678436,0.0945330486,0
0.1538574717,0.8576200213,-0.3869466858,-0.09428968292,0.001157155382,1.188858158,-0.8066655326,0.02235031272,0.08925389562,0
-0.2791818778,1.496664984,0.6643499431,-0.1376046082,-0.2372383868,0.7978629946,-0.4367666461,1.201015304,-0.4118794274,0
0.1873177079,0.325843039,-0.3237901179,-1.171881264,-1.334842819,0.1795444383,-0.3044571155,0.8891194549,0.3503206476,1
0.3817306783,0.9738732416,0.911342428,-0.1513785218,-0.1513301351,1.052992355,0.2347667262,0.4322805038,0.4498407747,0
-0.1454036334,0.6771653587,1.259282162,1.527124856,1.952724113,-0.01869932905,-0.6080543634,-0.3982889812,0.2857639049,0
0.6254828408,-1.118274174,2.42629297,-1.561501537,-1.627471212,0.6401349621,-0.1908255368,-0.1684119781,0.380964725,0
0.9670355778,0.0913457106,1.400382009,0.8178055342,0.8891789226,1.371690662,0.5000667456,0.1948577669,-0.4834333907,0
1.139064393,0.3615159226,-0.2860251529,-0.7904446803,-1.026841048,1.032535618,0.4242467118,0.3191652285,-0.1039761665,0
0.3501263831,1.382751338,1.17975438,-0.5015539054,-0.7282654989,0.309987139,-0.5631928972,0.4507008831,0.001572815758,1
0.9883538208,-0.4266169105,1.832705897,-0.3393040284,-0.3565299798,1.221255998,-0.4598558058,-0.2057042166,1.958335311,0
0.3816993279,-1.649828072,0.6145083393,-0.7633699436,-1.070006751,2.713507355,0.185699341,0.3831173542,1.289842331,0
-0.003082416674,-1.823528339,-1.118759346,-1.820224649,-2.178735773,-1.488239351,-0.2810124555,-0.6680331631,-0.7273081081,0
0.6494094335,-0.4409393042,-0.2455639621,-0.4579194501,-0.9577728582,1.511750599,0.06900011195,0.3300233197,-0.4013126021,0
1.147434938,0.2757484048,-0.3113415859,0.2142614923,0.2984249426,0.5500292371,1.824121735,-0.6928073693,-0.7113598977,0
0.7593457312,-1.083735459,1.450692436,-1.281990363,-1.580290317,0.5376747535,0.6497624101,-0.2714953704,0.04456142137,0
1.292966432,0.09997289071,0.5066138086,-0.4984377125,-0.4248361062,0.7732836276,-0.9134257747,-0.4027195038,0.460291169,0
0.7150539465,0.6137868917,1.400864679,0.3653247178,0.5397538533,0.03409715127,0.3275039005,0.5136552382,-0.1248286788,0
0.08678965242,-0.18828403,2.516524551,0.1699445458,0.1685372263,0.2657643887,-0.7730665826,1.236980191,0.2180209278,0
-0.2344888086,-0.04263803331,0.4666273751,0.2665853016,0.06173925549,2.533635547,1.152665138,0.01960531502,0.1780680481,0
-0.4462353914,0.7848232681,1.671064883,0.3880144484,0.3974950577,0.1462416305,1.35601798,-0.4130102353,-0.8169401176,0
-1.063414199,-0.2442650931,0.2634609233,1.022757645,1.40219481,-0.4543686092,-0.3025026984,-0.6005910979,1.138524598,1
-0.421982755,-1.305419494,1.714273732,1.555986479,1.79355441,0.9067697008,-0.0918863011,-0.661953234,-0.1691434622,0
-0.3539901003,0.6231226929,0.531069744,0.5028296349,0.6672826205,-0.6875530639,0.313948157,2.43131003,1.009720648,0
0.4673390988,-0.1194859243,1.718117288,1.99799726,1.912237119,1.395968373,0.9461411661,-0.6875355892,-0.3646141115,1
0.0813817158,-0.5914425421,1.211327718,0.5946262542,0.8228832641,1.291975306,0.2503837037,-0.4734664018,-0.2079575896,1
0.4697530763,0.9508861746,1.748960687,1.131072103,1.407479468,-0.895170508,-0.266690634,0.235816022,-0.1356482446,0
1.505459153,-0.9205332823,-0.5019408163,-0.04692324162,-0.238762513,-1.383642972,-1.977383066,-1.157163461,-0.1271203821,0
-0.4180576903,-0.3549936938,0.9428247714,0.1087064706,-0.08966812649,-0.001717220938,0.1700239479,-0.4632689761,1.121795448,0
-0.02272028045,-0.5416553519,0.4450714155,0.4553391043,0.4819481136,-1.169013705,0.005098517519,-0.6506165741,-0.3418674653,0
-0.3911183283,-1.048849932,1.392451584,-0.2708067285,0.05968857821,-1.455224792,0.9218586604,-0.214471956,0.2954986743,0
-0.1663926976,-0.192065217,1.455908832,-0.1013922449,0.01867503256,0.09212456779,0.6600602354,-0.3500995232,-0.4139553074,0
-0.228297113,-1.26873617,0.5532369535,0.5778354193,0.7378500446,0.1150504137,0.9513735296,0.001180420918,-0.422948894,1
0.4222698252,-0.3809352232,0.7369245089,-1.479946939,-1.49890466,0.03960516397,1.443729748,0.2277841949,-0.5727104275,0
1.151965065,-1.745437549,-1.712467087,-0.2978178693,-0.1710346355,1.787747842,-0.6174525894,-1.434354051,-0.1726505918,0
1.08391598,-0.2480012883,0.6049676958,1.159576969,1.194758559,0.2299075613,-0.03776847523,-0.1424804784,-0.4942273985,0
-0.008446462798,-0.6724802956,0.6124787519,0.8742522109,1.045710126,2.697541939,0.5398594119,-0.2469469041,-0.1562877733,1
0.1982840629,-1.355645355,1.884155741,-1.027568497,-0.8917682389,0.298340988,1.07513937,-1.370675823,-1.93080448,0
0.1684698732,-1.055975511,-1.428558266,-2.647104634,-2.185058215,-0.3557360784,-1.018398501,-0.9090165714,-1.68435692,1
0.3672374081,-0.5433612914,0.1227962701,-0.8361390181,-0.8573011597,-0.5296149895,-0.7073607825,-0.3682460047,-1.850154698,0
0.1680497784,-0.5390289548,0.8318186022,-2.439864626,-2.364288559,-0.02462965996,0.4438125799,-1.62773342,-2.163385388,0
0.4305431845,-3.11952688,-0.2330996048,-1.843277341,-1.900760818,-0.225606206,-1.051717057,-2.289461467,-2.515171785,0
0.1239460958,1.599467527,0.4672406033,-0.421576793,-0.5913526333,-0.2075269643,0.2466701443,-1.208430506,-2.394554925,0
-0.5061835445,-0.2114885575,1.196802123,0.05265222637,-0.4574727021,-0.2188334731,0.368399786,-1.357844764,-1.560511229,0
-1.123719746,-1.336531333,0.4132804799,-2.203865369,-1.755658647,0.8731138439,0.8058186924,-0.683141185,-1.186222406,0
1.168941284,-0.3136180979,0.4414256751,-1.387528322,-1.749567886,-0.1880824505,0.2436308672,-1.484650415,-1.250225392,0
-0.08717661493,-0.09777737458,0.6324047113,-0.1724892159,-0.6806308122,0.1036701668,0.4331642614,-0.9164720092,-1.884521728,0
-0.6067304102,1.160776731,-0.0589131299,-0.2877511239,-0.6094238678,-1.371402447,-0.1141025657,-0.7272477599,-1.361965097,0
0.7971103715,0.6249523599,-0.05322395493,0.8762236798,0.3908605135,-0.2920732833,-0.6615095901,-0.5924208169,-0.3701687233,0
1.189745381,-0.3856649875,-0.729812451,0.8817285919,0.6417286158,0.2711338632,-0.05754964631,-0.7309228061,-1.772486686,0
0.2540406732,-2.086303022,-0.6787246093,-0.6578645577,-0.6369002628,-0.5849163308,0.08197670705,-0.8723428603,-1.180167993,0
-0.09067217976,-0.1675053111,0.09174318638,-0.9517204561,-0.8336925221,0.7192872273,0.6844979595,-1.298738523,-1.072122843,0
1.181791795,0.9971096383,-0.05895269301,-0.667984041,-0.19167161,-0.2249894873,0.2007889097,-1.683914072,-0.3386017171,0
0.6162783759,-0.08506343814,-0.36388535,0.1665150274,0.2393037825,1.762254569,-0.5918999629,-1.404374281,-0.7406493995,0
-0.01261606031,-0.5015882679,-1.070717864,-0.5652660112,-0.8917452621,-0.505037857,-0.6085433849,-1.477721703,-0.7687263148,0
-0.4518627805,-0.5233399347,1.464634475,-0.264577445,0.07840890667,0.2289512004,-0.1573016925,-1.553671155,-0.8541327301,0
-1.168265469,0.09514751878,-0.1931151495,-0.2736158003,-0.4702382161,0.3764810302,0.6964013777,-0.5404539772,-2.251827529,0
0.2655901449,0.2664407235,0.07116839193,-0.7965638344,-1.064425309,-0.3208579566,-0.2115713988,0.2135475292,-0.4713387632,0
-0.5169492572,0.3967670079,-0.08189336134,0.006650767491,-0.6301565789,-0.1334000624,-0.08357794221,-1.782062789,-1.737301798,1
0.831906133,-0.4055026277,0.1250889522,0.6812778204,0.5268926027,0.7796116974,1.169437074,-0.8999749342,-1.688710305,0
0.7689671558,0.2183782194,-1.220511705,-0.6334577412,-0.4210640854,-0.5370357239,-0.4482878597,-1.717448493,-1.429773389,0
0.1396400846,0.102784879,0.01655745543,0.1786121842,0.3248444059,0.2733281303,-0.2144604646,-1.093512321,-1.330778621,0
-0.4978756998,-0.7937594764,1.065430844,-2.40960855,-2.469550915,0.6600174355,0.8092034557,-1.021185244,-0.6914416734,0
0.2911532261,-0.9705623035,0.7914602755,0.1520136403,0.2443146345,0.7220937441,0.8412485523,-0.5610324304,-0.7325645429,0
0.3411821262,0.8025275465,1.062054133,-0.460556348,-0.7923477279,0.2931435691,0.01355875682,0.0257017984,-0.3921145513,0
1.202827885,0.7801328717,0.4551026416,-0.8791359645,-0.9720529246,-0.2661107683,0.4531423763,-1.8714844,-0.8063420547,0
1.290433323,0.8066105535,0.1524804702,-0.9748925839,-1.124928906,1.364068824,1.068181245,-1.120972833,-1.033178086,0
0.9786226699,1.683006075,-0.2382981973,0.2165199177,0.07891248102,0.7465301039,-1.104856839,1.011425356,-0.0536410473,0
1.384986,0.7105961503,0.04566601234,-0.9507634173,-1.044577204,-0.9939013563,0.1463456258,-0.4956491135,0.1001274173,0
0.1516629467,0.8458884061,0.4768287225,-1.009918343,-1.082247629,0.3922341699,0.805776967,-0.5917044688,-0.61184829,0
0.9587747587,-1.450855529,-2.197415843,-0.4974372425,-0.4898316621,0.6126686367,-1.396128408,-2.427399107,-0.8738606891,0
1.829054406,-1.798205447,-0.7471312016,0.1454756847,-0.02801760629,0.1679608529,0.3338361451,-1.333959974,-0.683950331,0
0.8131460793,0.345159524,0.4443869738,0.09419887896,-0.06473258004,0.7501767881,0.2824655186,-1.493594231,-2.69163578,0
0.7220576163,-0.3678744749,-1.827395938,-2.426715812,-2.410159778,-0.03540212617,-0.7940794871,-1.212444163,-0.5311019555,0
-1.320700311,-0.8249481759,-0.08802959943,-0.541048431,-0.9609072734,0.8395451321,0.5418588924,-0.1318977899,-0.9652022467,0
0.464548917,-0.5805057822,-0.1287123437,0.1511558729,0.225693872,0.07311801364,-0.2893141383,-1.201075899,-1.405214962,0
0.008931040219,-1.742936754,0.2397250365,0.2919026233,0.1443579988,0.1311878854,-0.07148926332,-2.164476786,-1.013998205,0
-1.872695456,-0.3884282347,-0.357444476,-1.311073795,-1.328602709,-0.03242578828,-1.49236217,0.1014992513,-0.133490011,0