202730_s_at	202731_at	202833_s_at	205034_at	218883_s_at	221521_s_at	Characteristics..Relapse..Metastasis.
-0.723472225176755	-0.536839147002407	-0.0871752953394042	1.62310262515355	1.85030848093919	0.685050042430814	0
-0.470186695071592	-0.344201930958998	0.411633352516227	-0.265463176681422	0.555185771224574	-1.71662804869236	0
0.375758835402966	0.320459673118139	0.319827710705196	1.494969551966	0.825083388992706	1.24514097702609	1
-0.562671913695915	-0.446677452110102	-0.197762850220874	-1.07960628953306	-1.75049306243972	-1.83270609637037	0
0.318940188126375	0.540289666760931	0.867791824021136	-0.476578238294942	-0.93920893467819	-0.364735387739895	1
0.223712820162785	-0.0719791809040968	0.171098134206033	0.444276463155228	0.366174457052063	0.459452316854791	0
-0.869413830969028	-0.913406864205889	0.0163883644894945	-0.959135719392541	-0.335672523318885	-0.910801663568232	0
0.842373115852528	0.902432769294528	1.17618300149902	-1.34907583286032	-1.46117828839309	-1.63758425629345	0
0.134163147369464	0.247430224926493	1.02783751199517	-1.89249658274304	-1.07516700653835	-1.94461867997488	0
0.122198291937994	0.235578397002317	2.60325793759388	-1.25431954325435	-0.735818234077737	-0.701091562335307	0
-1.44439668228174	-1.37739646528242	0.594219814155399	-0.56968508696566	-0.452278950796452	-0.336939018035923	1
-0.202265131385321	-0.0205985302963605	-0.490392301001614	-0.837443807490801	-1.23301079887064	-1.62043477813728	0
-0.604990259791564	-0.652613784392947	-0.353153474611135	-0.187745863759682	0.777023292485871	1.00175322859915	1
-0.991080628488792	-0.908730950713017	-0.622035021170031	1.02418007647231	0.631388448986651	0.957039169434853	0
-1.04279644723111	-0.951281533648239	1.3904362854109	-1.39826238189481	-1.99833500858546	-1.86122476196886	0
-1.38400818416684	-1.57436941694048	0.0378783563748244	-2.09632687587485	-1.42527587053992	0.383431395290094	0
-0.812877294171208	-0.950041110258928	-0.453104592700688	-1.24219032897234	-0.716925172966504	-1.50106263799756	1
-1.4573852971236	-1.34970874419354	-0.0671656018738045	0.231187738437881	0.475160616753423	-0.500513551007203	0
-0.684196768836422	-0.51775164366832	2.71488742432439	0.712687562752568	0.0169096521151612	1.78843829162894	0
-0.106680246053978	-0.0795803176831873	-0.603538665865695	-0.109960873394989	0.838843735476705	0.071083143622972	1
-0.477025656332154	-0.461482085310622	-0.0658015325448214	1.19185487612637	0.888067854945618	1.64550160859738	1
-0.32785131285231	-0.606660656509037	-0.607178347392727	-1.09590632297388	-1.46205652757736	-1.60837599528034	0
0.116537452425261	0.0918547757830857	-0.757979397686898	-0.10983968355528	-1.64229494438479	0.462416519180926	1
-0.337715421070781	-0.252895583476433	-0.754294876510644	1.11273915836591	0.424309143812243	0.836316691830531	1
-1.05789201926506	-1.03675199171982	0.41809203199044	-0.208168712591625	-0.488203205948256	-0.0722651807439498	0
-1.16819899074493	-1.11583645291068	-0.486078254750088	0.0751455895018357	-0.0726517557255677	-0.761400865081137	1
0.0936989236028558	0.0801684397996707	-0.688230143330326	0.574343852096054	0.765490350462746	0.170971568408103	0
-1.13845940087104	-1.27186777105757	-0.546690840582166	-0.00743112121341693	-0.319050541265799	-0.344212951258689	1
-1.27450584854938	-1.21650841837405	-1.06694582066467	-0.999465966764159	-0.297365154272453	0.57071281441871	0
-1.46201882866646	-1.25831045674389	0.0711700259364756	-0.191449236393896	0.105800749832538	2.22307287326323	1
-0.712986231909165	-0.763753115109413	0.575077413905027	-0.0199443656368413	-0.237902190086544	-0.775880445230381	1
-0.833235379916102	-0.824821939749162	0.697609425345867	0.234798251324785	0.0830557791314638	-0.96332825209502	1
-1.32755503851683	-1.23757876033169	-0.794386242878753	1.27296078287788	1.03250734370646	0.555006966272769	1
0.51456961091733	0.605088955565319	0.905518488888137	-1.13010467923504	-1.38685836555254	-1.96751286302853	1
-1.16191626618308	-1.39016232971274	0.612768679048956	1.17462703215947	0.978828415315795	1.87592265496042	0
-0.319977946502914	-0.43420349707529	-1.03053425550974	-1.31941186527709	-1.00072080714482	-0.0533960420559388	1
-0.684171041780182	-0.865940557696971	-1.43327513489665	1.55892158776966	1.06258869730147	0.905990834955849	1
0.777485931455062	0.550771589175479	-0.404763320870999	-0.632034111707722	-0.674478211656895	-1.50354883624969	0
-0.947330438642391	-1.18486957719952	0.52109460620867	-0.671303554508383	0.0107031120636931	-1.51856316542337	0
-1.07371593313257	-1.72987514494217	0.0205496019364311	-1.33762339300786	-1.07528948530026	-1.14494575574712	1
0.239149941046822	0.135966805826037	-0.161691122407419	-0.0967850195882216	0.811805361974233	0.112131863700669	0
-0.29651753263139	-0.421531871111236	-0.435943986946879	0.41677187817044	-0.417397189292578	-0.268562314540053	1
-0.0847936183124633	-0.117641165558892	0.427787426144065	0.244853073285549	0.310290910946928	0.51215394912699	1
-0.188765523978136	-0.171367051493793	-0.274285841586986	-1.04462256015482	-0.559580790159538	-0.618857549587341	0
-1.27229598313232	-1.25554076523533	-1.34441121007278	-0.00263074444573621	-0.0750718980831001	0.0750793346239762	1
-0.537176400961798	-0.446171782291112	0.261704905395744	0.317158551611987	-0.229797703949275	-0.955341640765939	0
0.130875407009931	-0.0466282673120663	0.140348164760844	-0.562440452781517	-0.925463779358459	-0.169312510892026	1
0.0177996719946798	-0.223647181446217	-0.00675302447707605	-0.199797170287594	-0.795754972699273	0.264292005625039	1
-0.127163418520592	-0.395585646232303	-1.07885251751944	0.283563783708333	0.0449838731311938	-0.223078832319005	0
-0.613997390895273	-0.547152512810626	0.590552402845295	-0.620994819036078	-0.445303358053891	-0.0919191309498477	0
0.278825497468686	0.153551090698218	-0.026968626331868	-0.784502734266384	-0.547715541418039	-0.311769266291937	0
1.04189619553447	0.943669376866768	1.45822616509552	-1.30622814200021	-1.44156174808357	-1.93198667694066	0
0.0301087376958485	-0.206120359053467	-0.781605172864149	-0.709214726767894	-1.59971126259676	-0.761741334783749	0
1.05813617800118	0.756678040969021	-0.241337549339119	-0.458930164624122	-0.158410625260326	-0.69308860076627	0
0.804341429610433	0.301504716569939	0.784082688871713	-1.02382197675756	-1.24044212654126	-0.671385099892949	0
-0.207805319875684	-0.178611154734021	-0.0629530348284154	-0.821787496705062	-1.29601900101772	-0.452648704425508	0
-0.237563539686854	-0.0583605732790255	-0.944190200973105	-1.35487091065003	-1.42014790315152	-1.12094360349176	1
-1.89948435439579	-2.05683435440356	-0.651302922209335	0.608147947904659	0.824379848197519	0.708936781227668	0
-1.3844703840393	-1.27078900877706	0.698105611464239	-1.57409152647783	-1.74809760572412	-1.07151682810486	0
-1.89643081896203	-2.48418664476149	-1.26900861994185	-0.825918181566301	-1.11309459647807	-1.86182010305902	0
-2.16223566691763	-2.66568839845762	-0.886050875792887	0.637828441375126	1.82780561941865	0.460399668993417	1
-1.63562056847652	-1.77186412791176	-1.35965374083155	-1.55651191719697	-2.02395775546766	-2.09048686485267	1
-1.59534885406178	-1.31839475756939	-0.870893304369484	-0.0200104691857735	0.634056397211314	0.543466582200316	1
-1.482612006477	-1.64535473319717	-1.74237312684518	-0.77110653529651	-1.74110397347399	-2.43622230650988	0
-1.16827883333326	-1.40470723250624	-0.0436513358242251	0.92024719776996	0.204825303564802	0.704891539506796	0
-1.23770196388785	-1.47461302031603	-0.253610633327661	-1.6264833106885	0.0726526799508112	-0.475717931224562	0
-1.62407444306385	-1.52232833090248	-0.64642484037022	1.2161990819146	1.10279401243371	1.33639358977801	1
-1.10938871445939	-1.32914713672046	-1.0560108462082	0.874647553212049	0.515610889409484	-0.61478249272302	1
-2.07813658148777	-1.79767091050727	0.093910808036964	-0.929991923783641	0.143202345709458	-0.184805805918539	0
-1.05664647488708	-1.12672750817877	1.87423250070772	-0.920767330919584	-0.339680142342479	0.403249809674372	0
-1.31708146520743	-1.11733277587505	0.532451427365071	-0.761589985091336	-0.687011871626209	-0.77570636326379	0
-1.63261227717614	-1.69416106472642	1.40625524166034	-1.8570587849394	-0.875471556646218	-0.385878171560607	0
-1.47876802941875	-1.90905158363735	-0.217256297725028	-1.29739859653572	-1.08031016509102	-1.67408664788457	0
-0.983110563893527	-0.610914412319692	1.87369383492167	-1.76262120887292	-1.55829255321858	0.379939176391262	0
-1.49221263415398	-1.53387675693526	-0.947329566414074	0.317108187003277	-0.064671647245749	-0.298846806053795	0
-1.46934216829624	-1.62399937734156	-1.14138730831424	1.21881568072649	1.4064302565945	1.40878956696658	1
0.687238966723643	0.575220724923645	1.7587491641256	-0.710987718383892	-1.17302753730853	-0.425461140715192	0
-0.833810246552092	-0.6955650723514	-0.33171540231964	0.902321331804222	0.292163104735722	1.37443098036734	0
-0.869578838984914	-0.802236120667336	-1.59625840989015	0.0669597666924234	-0.541673255830227	-1.1548982429862	1
-1.00978685979509	-1.11722321408094	-0.389555009844529	-1.78478950617547	-1.47294099677577	-1.62591018496489	1
-0.674052324418919	-0.503104840744636	-0.00679491414937518	-0.713564969845229	-1.06224407298465	-1.64321450951123	0
-1.22174409189992	-1.10870804079571	-0.344124185246619	-1.23452782592531	-0.531497074665837	0.970576206339576	0
-1.20848844795708	-1.18736574730599	-0.279126753716877	-1.33726533211781	-1.7100988072019	-2.45854904005917	0
-1.18975915101416	-1.23496766526636	0.275766855390115	-0.718392102811287	0.696661084057511	0.151091600179285	0
-0.245955882860407	-0.176816026876606	-0.271257985273689	-1.47215119760757	-2.5103759870031	-2.01396581830108	0
-0.973163064527243	-1.11889575531557	0.00935266952923192	-1.12933111032313	0.235219974922857	-0.134055622874027	0
-0.298770867902091	-0.32195935442097	-1.53488885997975	0.1758661505049	-0.804198411689283	-1.82826363999645	0
-0.468875502343208	-0.343591296344247	-0.909994068487004	1.03064091143341	0.13096776178668	1.44081199280976	0
-0.150151873981087	-0.0955502899665619	-1.06424246181286	-0.749222325864963	-0.745321256775478	-0.717500470799356	0
-1.05968138038356	-0.974658036447032	-0.42666158956241	0.370987301064921	1.93958315555435	0.942857740720101	1
-0.814946991488745	-0.622177824454498	-1.65569985488398	0.057406229977728	0.0467033230368395	2.1223852102779	0
-0.939259240101906	-1.09335406629183	-0.762650981141435	-0.91863785230756	-0.997492684737755	-1.10110499175224	0
-1.64864910461254	-1.24080355467734	0.244961426378782	-0.0473002176365332	0.0472805872790455	0.557880761389736	0
0.271420540970837	0.311695495755372	0.695684860401601	-1.20929987864362	-0.745543427552905	-1.28553762201323	0
-0.968336136492644	-1.03098429111777	-0.114751679611323	-1.29427835163673	-0.878197421184655	-1.25207252793864	0
-0.86944310658475	-0.510423262124928	1.82788541327767	0.534128498988055	0.449168534689946	-0.15937541211408	0
-0.935122506886443	-1.14035684213334	0.163175676182855	0.422129413421976	-0.110138801901496	-0.65209854919665	0
-0.413323690801481	-0.495939652642827	0.265995351831888	0.264012872164684	1.32693394452945	0.835236614214617	1
-1.23281471034207	-1.22793579011683	-0.126425918284588	-0.0809445632018858	0.398220218076554	0.716735845686665	0
-0.490525263739338	-0.407122579769199	-0.636016731792109	0.742833141906592	0.88081977069399	0.556461175850029	0
-0.633675927499476	-0.717710345757591	0.101571898104805	-1.32373849994409	-2.07908554115044	-1.61992792069864	0
-1.56130663581666	-1.60979695092547	0.0996597230636127	-0.996394512579855	-1.54019133154485	-0.617311971022091	0
-1.20600356918022	-1.31443444348703	0.495677605044052	1.05355995618454	0.951168153526077	0.653454646384131	1
-1.132451689669	-0.920127675800102	-0.0602248961704491	-0.29365004472483	0.025016037147962	-0.382186864445841	0
-1.0928879128708	-1.28195205311446	-1.24555984337995	1.04186985833472	-0.542310335281738	1.24264996987986	1
-1.20976947792987	-1.54700884890116	-1.47024247570379	0.196376350455074	0.531189428366875	1.97925136258805	0
-1.06760708798531	-0.828592244566207	-1.41620420844129	1.27266174301367	1.6392870686371	1.60011526603725	0
-1.91045650031233	-1.9074311417174	-0.696238150684257	0.556131537418277	0.723102254914677	-0.00438090800440055	1
-0.509657322183403	-0.418677901299512	-0.805474616135202	0.161668839477731	1.08285276098794	-1.6268248366236	1
-1.34296110950541	-1.1811774213545	-0.706194322797835	0.686279981901246	1.80061913206455	1.14409457054055	1
-1.00416239301704	-1.02823068910345	2.11086784952631	-0.593926989642448	-0.681016108978969	0.119011467606849	0
-0.356544964819055	-0.438402088905692	-1.43859571327415	1.04926873413304	1.4484718037077	0.607410447110477	0
-1.18503424406465	-0.850824860941133	-0.240362286968526	0.375066834370438	0.181300836247196	-1.09545261762158	0
-0.432974726069703	-0.49719693169277	0.0475997103253679	-0.841591018239274	-0.67041742355836	-0.577245227120574	0
-0.369992230973888	-0.38379817628509	0.560478568110754	-0.770548589865643	-0.188904039186125	-1.29630665947129	0
-2.08246138835575	-2.27857593319541	-1.08565044433974	0.419370377201076	0.585576644791559	0.247147336362972	0
-0.449941276090233	-0.380098358776147	-0.970333486456053	-1.11762999521516	-0.673333177650153	-0.833591983380853	0
-1.17603243580016	-0.941355848034579	-0.506007708843395	-1.53602532565713	-1.71757096112649	-1.54064464537332	0
-0.839383259217659	-0.963279699353365	-1.3899328939599	-0.546794372306923	0.382932210135799	0.487712263950455	1
-0.653641897421674	-0.604513092111114	0.0918251743527264	0.0616108878580095	-0.799229951525702	-0.48541073818199	0
0.114324925588598	0.110497902609576	1.08062852901482	-0.779981723687642	-0.422254564067444	-1.37476472856825	0
-0.846055438182595	-0.644887762491895	-0.602817691505826	0.584021726438503	1.67446505784421	0.604294283730633	0
-1.46308339651089	-1.38640428355798	-0.937468973552787	-1.16586591226024	-1.43883018685853	-1.02895330638418	0
-0.240726193324668	-0.507076647322884	0.436463898268644	1.82821800275448	1.04415896670043	1.51232601881954	0
-2.21305991009024	-2.37228497848457	-0.588904420348351	1.67713991556442	0.892662232689086	2.13157308335434	0
-1.71147901165066	-1.99193316546898	-0.451737573394783	0.563994711953141	1.14238313596529	2.33195200646651	0
-2.11055533377013	-2.38644373341629	0.945944972634646	0.188939701200224	0.807488222978666	1.26712627909395	0
-1.33141320981301	-1.48937628053136	-0.100851388352307	0.301093815327489	1.75103517189203	0.0900157597131653	0
-0.720091335130835	-0.684216615747037	-0.127545729524385	-0.582598100470721	-0.417907992191108	-0.476355590582845	0
-1.02802201983022	-1.10811119717602	1.38937724369571	1.15458742652193	0.712179807805596	0.989796394297231	1
-1.69532774317098	-1.7920970500025	-0.24942402607919	-0.0515206144570367	0.0523563350402718	0.474773453472357	1
-0.33060322073015	-0.350611678997891	1.62676129665725	0.0897261437234074	0.171915545072538	1.52889362078904	0
-0.344464781204438	-0.352943889496385	0.217166743814595	0.749497796143557	0.138417128964867	-1.12160434554174	0
0.334153749763083	0.434046905458352	-0.451540514936356	-0.527998142946914	-0.0552673671157544	-0.752930479005123	0
-1.02207197271975	-0.87378610155524	0.718159554583677	-0.880599194632251	-0.804520274482222	-0.891613214311668	0
0.103297777000092	0.103603937410679	-0.159717587846239	-0.703194582133016	-0.426524230674672	-0.258303981635913	0
-0.258183331693503	-0.0775200962539992	-0.249048199019258	0.62656486880532	1.07476631435824	0.566130900115755	1
-1.40552753600203	-1.66591787300304	-0.996660850498968	0.567000849535525	0.0650124737715014	0.267851549041335	1
-0.648398013648008	-0.311353313050851	0.322919876515404	-1.60283948774015	-2.56815368140297	-1.78639548436331	0
-0.248235832327218	-0.35119932862087	-0.835750819286631	-1.32785108502408	-1.08510487631328	-0.732955294673032	0
-0.709891888041369	-0.417210692658049	-0.140601147392785	-0.519672243569526	-0.820699813875987	-1.51346669945121	0
-1.23317045343008	-1.2344190901294	0.791290662484251	-1.01160698525134	0.696212944711591	0.870035695513848	0
0.102775251616453	0.224640605584285	-0.647881538974571	-1.35408081585089	-1.32570348544622	-1.59115053659732	0
-1.07703117482808	-1.15243775380885	0.661191370241707	-0.340122413518046	0.517731006272713	0.57319035666145	0
0.493775052356221	0.471147746844368	0.604186016190514	-1.40130314514568	-0.448028273144561	-0.878778275946231	0
-1.13962244124107	-1.03755493409907	0.86552565174924	0.0117672380692618	0.350687065080282	-0.274531113902804	0
-0.466616844233285	-0.162340845224822	0.0966932262703053	-0.560613948768766	0.123663660116811	-1.15685834822328	0
0.0278518538656664	0.353098361434765	-0.601864848959845	-0.645348468188441	-0.698349227409377	-0.638725976470308	0
-0.367056685142885	-0.482506457284719	-0.0725929694158958	-1.90218468739663	-0.663801671519409	-0.32178426915438	0
0.738609688056388	0.721923201076562	0.176727870165011	-0.934885160298632	-0.309191475655514	-1.42543316041298	0
-1.17437703280208	-0.89710437570821	0.141532875492936	-1.47240616843916	-2.33391162506864	-1.83783333926479	0
-1.040190030292	-1.19762011830199	1.47504575351709	-2.09696115516579	-1.89570540168272	-1.74992579325211	1
-1.33860525274197	-1.48000529938581	0.0463672099671301	1.41294370415851	1.52721805203699	0.79212968746011	1
-0.740845085257907	-0.743841216737094	0.831985594130711	0.563672063678592	0.817815366337975	0.404965623090928	0
-0.0709852862303955	-0.0231766802068174	1.67053954418315	-1.50338827226598	-1.13511134074202	0.107897151552073	0
-0.446093750472505	-0.435619372568461	0.675087531533031	-1.32918338631386	-0.719029149217697	-1.13419114497138	0
-0.937627789880324	-0.973503423693671	0.371572665908112	0.510551566535643	0.506602528998239	0.645635384569894	0
0.489339353004449	0.401615082067676	0.229515347212354	0.424161310604624	0.179832989999749	-0.369945343612924	0
0.00828420974525775	0.153754890958599	0.705359604716769	-0.01473398947638	-0.616253327358871	0.417154246088694	0
0.33592270666457	0.514942584000862	-1.13741840936265	-1.48427647715452	-1.54128604481995	-1.64591999333453	0
-0.959556113195745	-0.934888637516255	-0.266318543914585	0.08290173924319	0.356449263576894	-0.868644012509992	1
-0.580663997406575	-0.44332164331135	-0.326047316660669	1.01803402031566	1.72644352528456	0.387069804569707	1
-1.0831382456956	-1.1700549838359	-0.287150100950805	0.224017864219792	0.940081451953342	-0.0719785706553099	0
-0.968160482798314	-1.12417464175927	0.328698291311278	-0.94145852868231	0.268005355757672	0.384319117141821	0
0.37786934115454	0.634289855279205	-0.351740435665237	-1.08966583317589	-0.232789413862412	-1.61803321642139	0
0.211833130158868	0.255431300562421	-1.11474075676831	0.110468493041855	-1.23049001504983	-0.478291651349396	1
1.05914485603377	1.16253476702152	-2.14294164322633	-1.8802091921118	-2.51486117825339	-1.2644583155947	0
-1.86312049110996	-1.96720054815563	-2.53084413869285	1.34670716118164	0.651849048360844	-0.0818435360216861	0
1.82049272847133	1.71198333367375	0.153710380229188	-0.664447672147722	-0.417908941638874	-0.896717374514394	0
0.42399529157375	0.563614836411433	2.02751330160298	-0.721488739299946	0.830454415009402	-0.0321465007861022	0
-0.270577562822225	-0.321842130962932	0.706945512310327	-0.433250509758063	0.979895594605659	0.0345797902530355	0
1.50005248446007	1.58181472826902	2.18302782502399	0.508531473558162	1.30366487866111	0.344294691508425	0
-0.0968791247663013	-0.149676880924692	1.10647386682859	-1.01166679322418	-0.383182889568752	-0.762443433323035	0
-0.143177180320361	-0.0675216248330611	-0.860665144383648	0.9001564405767	0.546641690771284	-0.540793809806968	0
-0.739625267936169	-0.691272242054731	-0.256420781344074	0.802594684876172	-0.661172650653185	-1.01763894033465	0
-1.75159370230834	-1.70606422579888	-0.913842608380151	2.31747869849259	1.48592277086849	0.632785057743322	0
-0.992248991698049	-1.01882829513581	-1.45360460586066	-1.11305232445162	1.03939463780671	-0.438919311756598	0
-0.462082672355904	-0.985297022972024	1.23565217627592	-0.845773641603245	-0.187815022597624	0.139567566346788	0
-1.24986820006989	-1.02463507022387	-0.0516988728689188	0.512756592060732	1.16664532419769	-0.147841760493373	1
0.322500280426106	0.336392103248286	-0.871367070663244	-0.0200458818012728	0.712590918688613	-0.33930114682015	1
0.46358656970793	0.436007525256527	0.119570297304615	-0.822572082875125	-0.239053870227652	-0.521866964389701	0
0.270316938972116	0.334178648540615	0.367106400847385	0.51960303105726	0.71799137758608	0.869283584475873	0
-0.715322958327679	-0.605289218666625	-1.29173524215311	2.21783625489472	0.807414166052856	-0.188090280592048	1
-0.46302304061848	-0.281465928249366	0.351267974750259	1.4781957764245	1.18278023954642	0.54119774596172	0
-0.138059270408286	-0.144528242767703	-0.311190052887981	-0.220390786620945	0.672580240348572	-0.834279655237825	0
-0.204182240645156	-0.550666151886213	-2.16244984061509	1.20272733603166	1.6549880863564	0.103184435329469	0
0.920170846783263	0.912653428969266	-2.18469797656952	1.64775767501116	0.597312768636775	0.447520488802216	0
0.316197151647238	0.400969203798875	0.196045499044583	-1.38989634821985	-0.975717100206566	-0.650035533625736	0
-0.438294903872219	-0.597855872327472	-0.207124306986866	0.341867113866354	1.2827703816575	-1.07935051660141	0
-0.841701355698895	-0.936204911378413	-1.41500297783843	0.878409159925084	0.584912980802578	-1.5142745936608	0
-1.35355089813783	-1.3649332365771	-1.78186859787493	-0.495313085788086	0.401466379991187	0.930277673742212	0
-0.352848252979288	-0.308347642293431	-0.424892193404269	-1.72137888991544	-1.377606946513	-0.61083054354778	0
0.774191981116435	0.970525807419883	0.131475814168608	0.343898224101991	-0.206937850068418	0.0329043715469597	0
-0.286251550051648	-0.166393865440665	0.543566350413823	1.55452176703062	1.00693681645143	1.05907524632714	0
0.656766599316837	0.45137912158743	1.60945083207577	-1.7973672802538	-1.73535886503718	-1.73349284031754	0
1.29465032885729	1.3211909712288	2.06170176414908	-1.13063586846753	-2.01653877061801	-0.177884845523059	0
1.65498968853774	1.61582945142641	-0.253225366341577	-1.34025494381296	-0.854695740613453	-1.40058271923755	1
0.557492986404561	0.597325391511039	-1.4328314583675	-1.9870821048476	-0.848767388757653	0.152093773710704	0
0.568902492277189	0.686691805688023	-0.484401487867316	0.11502019455403	1.18508075148533	1.10429904826654	0
0.464201357638086	0.523439369292678	-1.41186656237439	0.577512100762723	1.72338725292328	1.65599750087029	1
-0.116564758489467	-0.335441584428192	1.3875724478145	-0.697660770750995	-1.55646391681976	-1.36159316761548	0
1.94528491975435	1.96150457352157	-0.91650171757813	-1.88534952998827	-1.96024601252539	-1.42864742523256	0
0.483395515873074	0.500885729199333	-0.157692133691222	-1.50254151728204	-0.991688710539405	-1.61081410459142	0
0.131831743790173	0.243819282719068	0.0162396856525975	1.51678372311355	0.95159825336443	-0.404961786925688	0
2.01597399890394	1.96161490148208	-0.840087285362767	1.79301471516015	1.5567420797929	0.892516313674488	0
0.312465841352527	0.334505035423782	-0.373648734278184	1.05207498717461	0.418953308959814	-0.431702123484268	1
-0.89219380855999	-1.09718106742191	-0.526644567402727	-0.0748134590384437	-0.178729756917268	-0.710272702959995	1
1.59882929904495	1.49790801580434	0.782404741998171	-0.387555644611809	-0.924918796340325	-1.0081057886615	0
0.987757597806219	1.02625368613815	-1.53331947225696	-1.53424525151804	-1.55156001910432	-0.810915162340742	1
1.74585321547905	1.69412093040113	0.0973392712163415	0.914726764487127	0.857357017481225	0.417995802557016	0
1.25835743676109	1.23797074385172	1.79820451546921	-0.784551524981071	-1.2175794243171	-0.547856151689126	0
0.0856853891539434	0.0817452102352485	-0.98745987247756	0.504661268157596	0.000213613136265417	-1.14343383944061	0
0.682116621112216	0.775423067925701	-0.493190059114952	-0.497669205139305	-0.539078415083606	-0.928320464791644	0
-1.30598778112865	-1.46826150092296	-2.16941355613845	-1.62102976790161	-2.16876657940978	-1.57213616930734	0
0.927084327792936	0.960803155900212	-0.643726201481479	-1.19256859824072	-0.0188142695578521	0.312692563009996	0
0.000456087529249386	0.142136743784108	1.98757238405792	0.810336669571327	-0.124210567253002	-0.530108447106331	0
0.00983493023863665	0.127751969766628	-1.26742035236675	1.82122283077285	1.95348876754667	0.20675839655644	0
1.09025507700736	1.16138398510012	-1.17254555456551	-2.16755266290206	-1.24955587565462	-0.407958689731735	0
-0.289947374751545	-0.378451101032467	-1.43268808948907	-1.79510323370288	-0.625506645293947	-1.38948860053801	1
-0.149194650060975	-0.151052149599066	-0.546191704486872	1.78523574395547	1.87042443077404	-0.0078288850774687	0
-0.0707856797595655	-0.0664597182131821	-0.533104426867709	0.658195416969281	1.12494937607161	-0.226867279094685	0
-1.20449099570126	-1.35625640218307	-1.37476529261497	-0.368522544201461	1.28395244412715	0.029917086529121	0
0.0413567841120715	0.148106712313759	0.699977076823899	-0.205098832301343	-0.0133065230627386	1.8339131178406	1
0.437949114594555	0.569931878316845	-0.988491184409681	0.173196039296254	1.49427601232065	-0.300138475010317	0
-1.34964127272918	-1.339287348924	-0.766043454602358	0.563830240027822	0.66951067571856	-0.724478176145271	0
-1.22477367455718	-1.66723874386355	-2.05135429970756	-1.70446818559402	-0.731619776053019	0.626161287003511	0
-0.510523170696868	-0.514044930661845	-1.69606025914743	2.27170513864522	1.24025600955645	-0.30067418581358	1
-1.00079037436982	-1.32066031159175	-0.206602751066961	-1.30799641193414	1.75868012531017	0.614536266394817	1
-0.750647093685453	-0.739645689572262	0.74268212274538	-1.98072986857404	-1.89780368124731	-1.07269404538169	1
-0.976443707767814	-0.909137018900994	-0.0686748100673771	-0.188696495749085	0.295978935310427	-0.19808412432043	1
0.242752616060332	0.382637906694096	0.307879714173518	0.849931121487571	0.662156253317051	-0.062743570416649	0
-1.21950849942662	-1.86183198270678	-1.4251461784889	0.624218192818234	1.11412092429144	-0.099183446384404	0
0.871261938590751	0.868210415044792	-0.49103834594765	0.228306725430262	0.756235133632136	-0.139581042200325	0
-1.3391011639295	-1.53211993739747	-1.77273900929505	1.01537099163011	1.13335293825541	0.425748701632609	0
-1.88786903207323	-2.26093265351102	-1.06961731976573	2.55101230655819	1.3863931109243	1.52194765414421	0
1.37400144170102	1.43816695752264	-1.60092645337238	1.04566215598119	0.853999770177878	-0.583745890171304	0
-0.167235526464504	-0.159453930258224	-0.854083745869457	-0.981640830015842	-2.27806605687418	-1.55130115470933	0
-0.438739360947267	-0.336936375059782	1.13266671192384	2.62110882462448	1.24347653638138	0.0817425382954442	1
0.624119852087793	0.782819638278018	2.17232707873516	-1.12320551478877	-0.0467641129164363	-0.354771359154962	1
-0.73532263956495	-0.734946791087617	-2.47716753860106	0.667804039974753	1.09024706019565	0.860717982296586	1
-0.605277693109559	-0.740086235247898	-0.914537032947717	0.941618317750272	1.15141048533188	1.04349635298556	1
-1.6602431355782	-1.50322473807416	0.471562133697659	-1.29600491337907	-0.36788823549363	-1.54075236460127	0
-0.546119657994842	-0.139173505851156	0.108523223725081	0.0316368631524042	-0.0798153391259528	-1.25839622368632	0
-0.856434087525872	-0.590661569902751	-1.29798506326121	2.39270296328318	1.16684850601978	2.94727308985423	0
0.586480281668393	0.654070739198423	-0.273347158930233	-1.17658255665733	-0.40716404126218	-0.160088090220395	0
1.2518245387558	1.23316075124018	1.71668721317323	-0.212094004282968	0.144429032224144	-0.750372147341424	0
-0.763153991577711	-0.737147987133008	-2.47127525469597	2.00640405363573	2.59359885633026	2.13079596606702	0
-0.454898613685773	-0.199928202270018	-2.07717839768749	0.00948587868409667	0.885051459390546	0.254532835928966	1
-0.43572042396845	-0.176599201787554	1.88376800611214	-2.07958929989587	-1.81283665115005	-1.61192495912961	0
-0.68018778376229	-0.503972907267236	-1.21117196239388	1.37334138277215	1.16290544944433	0.735041381985606	1
-0.719970684108466	-0.470146661042376	-2.31314469174005	-0.172327997918305	0.226591393618324	0.689165494005615	0
1.96216985290681	1.81849578554646	-0.272712323896502	-0.738264875682474	-0.965185825577398	-0.958100984203213	0
1.21527792465668	1.29008921269535	-0.724611618720646	-0.986939344241546	0.0458117915838304	-0.358719461214918	0
-1.17091452588809	-1.23448268193997	-1.66693690697733	-0.0891028428659101	0.768131714149939	2.30439511968895	0
1.22846437168963	1.29027998812706	0.971069336088548	0.749676433115076	1.67091317374867	0.367849616612053	0
-0.328766841198516	-0.16627127881788	-1.35816105250875	-1.07876425623119	0.401393272513145	-0.650805918461308	0
1.46943019041518	1.53283907396706	0.441055832346272	-1.86140824106972	-2.14232540855261	-0.79650771560307	0
0.836752197633963	0.828369762639521	-0.64742075257927	-2.24755841773207	-1.80868376661814	-1.4242395928962	0
1.47796891166734	1.51803750543211	-0.152733222484429	-1.22250091475474	-1.09210800304107	-0.405099321297082	0
0.0150876854110061	0.23652078166498	2.8023866898239	-1.76889081571031	-0.932905550954512	-0.422748924440142	0
0.743159828451437	0.98334147266571	0.658581820656027	-0.888618184675311	-0.107635108140487	-0.912830055101593	0
-1.68804698625498	-1.75203267701064	-1.14356793125538	-0.27828018265113	1.13498883675758	-1.24236914141419	0
0.409145457283887	0.461580627102356	-0.558159170866239	1.89805325441309	0.941355610856366	1.43544045809481	0
1.61742552500732	1.55666914727015	-0.833473437102429	-0.70021520074901	-1.71375418110402	-0.685313580777795	1
-0.534255049368721	-0.140186377821921	-1.39672551082175	0.0889486400764457	-0.991939364749836	-1.12984005758545	0
0.223664914609785	0.229978486840199	-0.323654295381104	-1.27659958703248	-0.593414361328883	-1.33128078451594	0
-0.716135578448923	-0.509340669012453	-1.93444376429032	1.53288938064263	2.61297708525032	1.61450924787143	0
-2.38300663363443	-1.88651403303824	-1.21338680506733	-0.139921520001405	0.256910109155034	-0.395159337182673	1
-1.15886716644867	-1.60441693051797	1.19614903530616	0.15619326217453	0.0982868202062104	-0.198848738483077	0
-0.822162100054338	-0.779560660117597	0.14530235600456	-0.310880249532759	0.306351652162541	-0.264118896387312	0
-1.33158265352824	-2.0689122014135	0.15479420175053	-0.954140179766109	-0.799792024603638	-0.788276812453469	0
-0.772794540548852	-0.970159873557198	-1.49289298851045	-1.08645666326464	-1.00726819894456	-0.780083418677886	1
0.720452596329843	0.660561700874912	-0.0604732842273267	1.21044335147545	0.0041642652938532	0.568551697408059	0
0.149753743451073	0.267387327115963	-0.0525809159687589	1.68778730862454	1.28904338305264	2.59781267882352	0
1.14730083209077	1.05142838145992	-0.597259344988373	0.535740166466779	-0.0906134085775854	-0.606844932113807	0
1.13194444093493	1.20148743257799	0.727558771054279	1.28173130731654	0.274384695302693	0.990829344750919	1
1.52062348377385	1.17634721474387	0.791907207661062	0.330584654568283	0.773269176016007	0.429037023421401	0
0.482888071867231	0.484253789152917	1.28264294867047	0.0708276112519566	-0.123551650502853	-1.07608143038904	1
-0.442658744894492	-0.297533969830969	-0.0776515898426708	0.486480431360263	0.899171646578156	-1.24149488446595	1
0.386188938858725	0.449192482703494	0.386811656694578	0.951183658670135	-0.373555489213563	0.948356230239412	0
0.546125176105839	0.511025175236475	1.38877485840813	-0.0529992878908844	0.171803510236057	-0.125538109635787	0
0.703879936411751	0.663416436853029	2.26127183292671	-0.0639693292255514	0.418718795361418	1.02288543285283	0
2.09261489944373	1.8509007931134	-0.38997921652599	1.26040346942184	0.321978612956037	0.989575185168415	0
0.92164083754844	0.794521297589282	0.342623952371828	0.339095486493277	0.463585899028561	0.0234270030454215	1
1.57677145330846	1.49389636857369	0.551205610652436	0.623289595345142	0.364667683446176	-0.2611373820424	0
-0.000237655849367073	0.0355614662672232	1.68377904061151	1.20399353377251	0.193970267247161	0.160793063146101	0
-0.472943925788653	-0.396526498562182	0.564307638156212	0.237066232610762	-0.24236364514266	1.97579761484205	0
0.562226764752772	0.630202357575704	0.655982890987268	0.460322312711459	0.453254008430417	-0.672073733528743	0
0.812504003557563	0.672968233267193	-0.0627559763699893	0.998601150823676	-0.761332743914522	-0.468264145362281	0
0.536369298951551	0.549617742588512	-0.782619374930119	-0.98173290281614	-1.85967101058997	-1.60647744388781	0
1.02844271940055	1.20173413815634	-0.639458174869946	0.645583017222458	0.831667809255353	0.37676338272452	0
0.897429016206727	1.03730180551669	-0.605321041922295	-1.37600279873897	-1.38363688927985	-1.52598425080574	0
0.957731461754201	1.02865638394474	1.48221950739732	-0.0635514603626601	-0.11321121487481	-0.827575095077056	0
1.38682416138712	1.46477515016461	-0.447037670161789	0.517661632780889	0.365863038184558	-0.859702354811718	0
0.4881168742631	0.605949360423995	0.0365520467504498	0.115520692853086	-0.0587565876586848	0.196916513881766	1
0.0650345472518326	-0.0667416674455886	0.551171980915519	1.28679924606799	1.648219473227	0.437676682569901	0
1.80021182389516	1.81913476831773	-0.433477806239634	0.0362192555980119	0.225471994701285	-0.914569912988672	0
0.744203992078844	0.559233896979637	-1.42204634273869	-0.29588497423634	-0.710861999527822	-1.27275846681941	0
1.22396479826719	1.10954593315611	-0.277126669363393	0.868439328241519	0.955857476046223	0.230286391853082	0
1.5465998263177	1.44396836944596	0.109710884434097	-0.642596514490642	-0.730740587420977	-1.02420692790285	0
-1.18243669852425	-0.889793615991843	-0.514832269809486	0.277660894178108	0.147474860659985	1.94777522711516	0
1.26196454747395	1.32765281858238	1.07849510570444	-0.425755626424392	-1.65277779717785	-1.02607470237311	0
1.23715213244001	1.09706355029099	-0.448035942352377	0.747004748012407	-0.321512459325069	0.0775357177326555	0
1.52379057311102	1.39029381665935	-0.443728386050082	-0.144613298081554	-0.963154007356481	-1.28949245652494	0
0.619391396578803	0.533422517385769	-1.04120196205704	1.23841302214379	0.617799003100673	0.375238001514511	0
-0.107994100201973	-0.123534517449303	-0.170428364056603	0.0961468443869332	-0.397635383474737	0.933963210184053	0
1.63104223487739	1.45419209378627	1.34854248314312	0.258774165911823	0.259855296127598	-0.338455743236545	0
2.1636304460656	1.98233280689921	-1.19398421685239	1.53392657680325	1.77548819912555	0.484230624618654	0
0.268906386578252	0.323994764852714	-0.986405550725444	1.42330858324164	0.402368355369633	0.47603626906425	0
2.21726603548736	2.04074150182451	0.254936478344664	0.301715503466255	0.0524227963839459	0.226833605885909	0
0.921667451744551	0.725144930756641	-0.353457912229541	-0.690227269284189	-1.01603824796635	-0.836003162884949	0
0.953178659939542	1.01154865456864	-0.000285495072095308	-0.482601530717865	-0.0801096679336548	-1.12490997934931	0
-0.215306974619401	-0.304792630232653	-0.451203627571802	0.682091062961186	1.91721321672115	-1.7673888113039	0
-0.0668299230776559	0.035204432728361	-0.492687383047351	1.47884658160268	0.0017659602349574	0.0345490133307662	0
-1.17864328843861	-0.923227585023789	0.167389423219013	-0.123966956298461	-1.2391062535334	-0.115042217362875	0
2.03182452696756	1.7007344787004	0.983449799237071	-0.69780163426598	-0.76080200261289	-0.461574011883827	0
-0.496560476277359	-0.289830166755296	0.637608664727525	1.31035650484513	0.0565718831247914	0.681877134100535	1
1.18954554557718	1.16193026173791	-0.506628383987898	0.252878358904698	0.431139471046486	0.976747941033545	0
1.5774164039942	1.3508040684618	1.78196489251062	-0.0084392003346296	0.125944233652626	-0.995238149816149	0
0.79342339922598	0.908719930710636	-0.267749872717403	0.654032467280587	-1.32296717698235	1.83332258564454	0
1.15207364459327	0.882555348409868	0.0931326041247972	0.294363057541592	0.223896860856191	0.695388202977093	1
0.722359059911235	0.872128589975573	0.755661431209179	0.609854835971725	1.19153699629946	0.095853757156268	0
1.09831119417005	0.924385734936225	1.44296593447522	-1.02591997748914	-0.569215786096861	-0.779970890555836	0
2.35757607738263	2.13306914910816	2.61508970503481	1.7698399126304	1.10761720708897	0.989403988538287	0
0.198363685507277	0.10515006119056	0.517929870966167	-0.0780533198831225	1.41323304984351	0.711496074670187	0
-0.191198061502648	-0.225335812175087	1.07469730541436	1.43505691517028	1.48447866081521	-0.101213761475407	0
0.0670723075340372	0.251585911438919	-0.565154746140353	0.321129486229974	-0.267967403069523	-0.804945401199171	0
0.551749642883886	0.621276519104137	0.116669289998988	1.29211507312794	0.980376015175651	0.543429072826299	1
-0.11356800000741	-0.155962510008016	-0.903511199202026	1.67146760150845	1.04926034955136	1.29697604658062	0
0.478361884248684	0.371575996320494	0.270671065254116	0.946794855189257	-0.0921809468405464	0.459972639196919	0
1.30921982694812	1.12606064974449	0.515234772049734	0.632433919614068	0.861862147134614	0.591247754024589	0
2.67988729938046	2.53913886941775	-0.0743588256017292	0.401231248595332	-0.245268005861252	-0.0624184891751722	0
0.912572493793678	1.06458039375202	-0.14008490143134	-0.480409883291965	-0.147371396075929	0.707064197863297	0
1.27691285428942	1.1569141703668	-0.0999728852247733	0.965620988535687	0.918676152051198	0.568077540449336	0
0.0682868020165528	0.507742918411394	0.154495074090585	1.87198642161757	1.45224965637173	0.721962151799651	0
-1.1938754800126	-1.25477842967488	0.197496887690473	0.653591776954374	1.25497624773267	0.172596974615491	0
-0.0196580347512968	-0.0938494005754142	0.0875123080919715	-0.168250825453821	-1.03583803169486	0.551397410357783	0
0.314642882594377	0.424044603205451	0.0300349577331708	0.388056181735576	0.617008113110942	0.139372325246137	0
-1.33648764987143	-1.28302928306218	0.0549156530932717	-0.60019423563881	-0.188510967810677	1.23070467692379	0
0.570397322958737	0.679415523459315	-0.182447750029806	-0.873579627293282	-0.764781138203481	-0.541239113401063	0
0.512848559568843	0.617233459051395	0.388673092132702	-0.736882996730991	-0.659868109421624	-1.4713744493528	0
0.231642076324013	0.329793878276858	-1.01650357527075	0.450871079108206	0.275175585292424	-0.184603832366142	0
1.31785613358602	1.14525311787434	0.0251238361525236	-0.704344311716226	-0.703280659110052	-0.94909873443922	0
0.491368241887949	0.824576472830704	-0.135880004325949	-0.052798616403055	0.762406544116233	0.359803374996074	0
1.73627920199819	1.67735644356882	1.04325350139699	-0.414660460514961	0.208739876707252	-0.0954729036932194	0
-0.179594271998412	0.0403155287321211	1.1264033209219	0.598659727791884	1.26854195742447	-0.137791171814555	0
0.431069344899957	0.477558261049654	-0.917051593276492	-2.01100686787892	-2.16631035803711	-1.53180974512417	0
1.17154281618807	1.14018186252298	-0.0105820945225347	-1.63852045217022	-1.72571817241326	-0.742984724217789	0
-0.0992131897652048	0.0895738984328843	0.207097882582577	-1.13406617048889	-0.548067786539516	1.39139964410518	0
1.95427696948026	1.61728976457034	0.232142006664186	2.26164166026734	1.20738043118379	1.1461316180833	0
0.440098654500424	0.49206255702435	0.280384749264662	0.0546778846902605	-0.447997890816024	0.00223035961073716	0
0.295993428239785	0.633906772083002	-0.280789950705805	-0.795451528031751	-1.70670548088341	-0.927966530185538	0
-0.0471780006695635	0.294145688370849	0.139520991231764	-0.917752536920078	-0.550467990493946	0.210238112330598	0
0.224810212182413	0.408646957217206	0.354160132125119	-1.21656103871499	-1.46028865583561	0.0950699074172022	0
1.39775904742911	1.51572521525981	0.489564662865162	-0.783737034824588	-1.33748423333648	-1.15346711610065	0
1.39427081345888	1.22917745216604	2.46635245859565	-1.7230000007583	-0.747453716459675	0.752702526474517	0
0.0451537427571899	0.148950261511802	-0.101479733436808	0.343500028914377	-0.062747116622478	0.11244059470219	0
0.465678445522225	0.713600335555822	2.0194386247706	0.0934114165763663	0.149710810150761	-0.372814329835787	0
-0.0262902924220673	-0.0249978577215731	0.795656038334228	-1.10085385883263	-0.889904112149101	-0.823864552385871	0
-0.598920448798599	-0.4021264087243	-1.16795775045557	-1.03206445975177	-0.369109225321714	-0.307910609662329	0
1.31293162016569	1.19339441697497	0.80387349404966	-0.622709576573255	-0.160006646956289	0.361179680488838	0
0.453907873722362	0.513925115031742	0.925887489542901	0.560029285964232	0.725556577391815	1.47383563040554	0
0.163601996827307	0.309053754034345	-0.346813384209208	0.36170290022802	-0.327559492151717	0.318519019107247	0
0.80516203399051	0.801032179591973	-0.783330909363836	-0.957103035262883	-0.974727775633577	-1.03601564826634	0
0.902073193428033	0.868953596445429	-1.42629725948407	0.433983983197114	0.737716154941015	1.04377238350717	0
-0.103469686863165	-0.235815436090457	0.376306198878023	1.7669171914312	1.15557286434146	1.29264130943465	0
-0.0405759057543846	-0.0896983110613415	-0.353453782261849	-0.911237402615221	0.0799245003966096	-0.244013871914394	0
0.714704817109816	0.700406950278538	1.43606003849955	-0.0609411571268573	-0.302115241449674	0.0586685026022859	0
-0.709438559567617	-0.863159373692526	-0.0522959481980419	-0.102745356250257	0.668354248338615	-0.54160458935302	0
0.187078379216497	0.398484526188293	-0.0463623646160409	-1.27469202747758	-1.42100810282823	-1.06877287312872	0
0.921458973875018	0.904800989613464	0.441435789373895	2.12618683208856	1.71491627994804	1.25124923431788	0
-0.227650638775513	0.0932078256320801	1.47023788112873	0.0643526112446654	0.475405574277254	-0.118568098520439	0
0.498583350453543	0.603916720984933	-0.0659702712247903	-0.640492218182973	-1.66912538882634	-1.43249454051632	0
1.50068412804776	1.24965478133596	-0.366975296484011	-0.596959096476197	0.0505371931191142	0.474877325585018	0
0.391751305845846	0.342850119769902	-0.31089151522342	-0.185610876518581	-0.0451766362503743	-0.376918240064735	0
0.150608946286095	0.253785575151526	0.0123533860548414	0.382585326114442	-0.355963171542825	-0.0331140502799676	0
-0.139379334535373	0.122571918787551	-0.946256364809653	0.520589862609174	0.188697034350443	0.972355497158315	0
0.283068687468591	0.458571125512973	0.498560912488144	-0.0290092082576475	-0.0839368918815603	0.0791457354789077	0
0.747094293776458	0.745689682569091	-0.214220771471732	-0.394660989174987	-1.0704919257347	-0.291039085585408	0
1.14272851319896	1.08883798790208	-0.52290871662802	-1.35961305333889	-0.66823559259029	-0.952123528831075	0
-0.117293100323028	0.236871685872704	0.256975502393525	-0.221495660224522	-1.56466999386807	0.0307951905926393	0
1.84635374283203	1.67305518544184	0.207137412273339	-0.53553316057815	0.374364393488341	-0.16626559558729	0
0.874268455611383	0.898919896385332	-0.678033843095253	-1.85273765890147	-1.53782910550109	-1.29968827380572	0
0.795681170196032	0.839431673013123	0.712901515716938	-1.29629529682617	-0.79629615792634	-0.886645626701516	0
1.36182899553988	1.20798375741922	1.80626326242621	0.0687791881820754	1.04935149653697	0.646315362196298	0
-0.756188169315687	-0.787488949946246	-0.820330699917122	2.4961298350574	0.292216273810661	-0.270462789490229	0
0.520105363708342	0.700397756281829	-0.109752648718383	0.0635790423327583	-0.167169280908907	-0.690538925111959	0
-0.0824231805788757	0.0417988268678255	1.00616462154064	1.0140717421148	1.64082137622822	1.4791206050266	0
0.198247470184259	0.317084710159578	-0.333446448777788	1.4025166562615	1.50097436631531	0.901749390355506	0
0.929603805024742	0.958579741029441	-0.135350778466045	0.907094952373526	0.161101335008869	-0.00031354537064795	0
0.206033009686491	0.234777753122249	-0.198748142513002	0.223262395089141	0.00291004479393088	-0.837251551794528	0
-0.281892144728726	-0.381246076031976	0.499041758726518	1.08876245683186	0.408516979107325	0.89294911414391	0
-0.308695301631746	0.0147232727264814	0.65150364602808	0.383382503436681	0.0807030475653733	1.37575054090967	0
0.299276732899967	0.366428890496291	-0.876936627093002	0.897932528323345	-0.413583257613407	-0.848181206315684	0
1.27879092939497	1.43808344538586	-1.0245947719739	0.750727794321899	-0.0867586506444436	-0.213657246989081	0
0.151850942104591	0.224602297264665	-0.0818393770819103	-0.438360943648115	0.0944823830047076	-0.227219290143149	0
0.946509142394218	0.744223240094019	1.88633566602552	-0.572462222967815	-1.4650368441173	-0.241424763328425	0
0.273929372524199	0.0769313867917425	0.187277577635404	-1.29364013761073	-0.888555896320268	2.14174485616459	0
-0.501304013164145	-0.452704883119184	0.983419119477076	-1.43831955865358	-0.55452023356258	-0.326723003399904	0
-1.1654257915102	-1.14009711172631	-1.0745237213833	1.76974469204206	0.807125533931754	0.470433907432278	0
0.71984135695917	0.837782116770267	0.586505624502954	0.803178599558405	0.590914440136419	-0.420452196615739	0
0.397892088028441	0.532916847566779	0.536104678785946	0.363462513744829	0.802203596708747	0.0388116170651695	0
-0.798828547184275	-1.09062804626764	1.20941095155914	-0.803032975536642	-0.0273070798317332	0.253733597728765	0
-2.08852942506897	-1.99339960794405	0.207455419785588	0.701752147086389	0.208136977375345	0.626888391792142	0
-0.603320662555557	-0.57046925463081	-0.846858662390769	-0.522380915181717	-1.47016576095346	0.415671183146805	0
-0.996147971428256	-1.02930791905118	0.131082287247141	0.0187907401432862	0.234020822393407	1.5002672359626	0
1.63261158530805	1.70983270461026	0.315885361545911	-0.147591105571538	-1.66923742366282	-0.62871578250197	0
0.705393397030576	0.784437781698786	2.09608846514438	-0.408334980439778	-2.12936544653601	0.23314095139363	0
0.889161759754894	1.05148737627214	2.29502428888366	-0.841606757179496	-0.307641976900122	-0.103053644359865	0
-1.10981809015664	-0.979212129483511	-0.735451013924833	-0.220166506722782	1.11876277442324	1.61694254828841	0
-1.63977327020965	-1.7585466236789	0.209887380760532	-0.105203778712918	-0.659749428450776	0.329988231546951	0
0.685648324936097	0.732323909853514	0.224251408391771	-1.1298040654768	-0.828217541293383	0.389029909806783	0
0.287925778258783	0.341765994324643	-0.46396817771564	-0.601564310385126	-0.380370625283538	-0.728223342874009	0
0.00969564927899123	0.0995210367055312	0.190123715370273	-0.656471964190272	-1.51582565350587	1.5792186975947	0
0.403053467794163	0.528714424904415	-0.338686787782991	-1.9965718988544	-2.51365917738064	-1.50119151635956	0
-0.432849639347984	-0.302616717678211	2.03533310042925	-0.622219308585342	-1.62139570014234	-0.253116146675765	0
1.73606451414956	1.57595508769988	1.6808774433105	1.0211007528179	-0.313928270563999	0.23044893247382	0
-0.742543070969765	-0.351812261734797	1.14377868499567	-0.678607996665369	-1.1975451269902	0.159484082170802	0
-0.0037791182118223	0.407352902180428	1.61162555506307	-0.322817448744062	-0.749587125591638	-0.846592347703492	0
0.973212052491887	1.0172152212069	2.37795286013938	-0.946643722538416	-1.16563513699635	-0.152626610127547	0
-0.422582769628371	-0.314342894314032	0.325244458330367	1.07120566901433	-0.00722531011648668	1.35643417506992	0
-0.26721086701423	-0.245681360725509	0.0144372497529247	0.0950860398159768	0.719979521209726	-0.0789851293658543	1
0.674428666995724	0.651202212225243	1.60905140520046	-1.14886706987357	-1.57336408706851	-0.695224711527577	0
0.738830585884107	0.707224298838194	-0.225055446712843	0.557577946024671	0.68771918498994	0.340418722860039	0
1.52808166866392	1.39812020635781	-1.0246785513185	-0.288459342239646	-0.411377690451168	-0.175873766008475	1
0.75758294846366	0.808197367693784	0.0467005573593773	0.372124439495954	0.833157492801437	1.10228027452138	0
0.0232555821973597	0.102436299828648	1.64381629323723	0.0158758884141896	0.858644468652985	-0.0668715251161216	0
1.56390082806935	1.46652660653766	1.89366930865496	-0.106709208345143	0.395432639433276	0.0278136762477271	0
-0.0430687687900809	-0.0495534905982834	-0.742677867389675	-0.409389489434645	-0.297321479675182	-0.199997102395279	1
1.94857887009298	1.759799778224	-0.123413401851289	-0.696005034239651	-1.18992106142292	-1.06954806685839	0
1.97627005400622	1.79445348415266	-0.23630311872311	0.460666208555308	0.584719293458154	-0.103710539294566	0
1.24454644325941	1.08754316669891	-0.535503938096504	-0.533061360016301	-0.114391378448922	-0.258713699413633	1
0.113924825507068	0.286788192504546	-0.578105734825695	1.42836393084092	1.7450764377077	1.16778029756382	1
0.020888693023254	0.0612311050784968	-0.418798721073068	0.611997692682937	-0.765801794552774	0.548705391437973	1
-0.174353936784228	-0.166960062404656	0.648923596211626	0.240897877607785	0.289406857868749	0.701953305208826	1
0.392281815488318	0.423329769961333	-0.445547341820521	0.801786490295777	1.14889824654096	1.06934896769242	0
0.978290928249666	0.929956530775431	2.48053240766692	1.36468339175609	0.46605066543113	1.53225311421058	1
0.334769424833109	0.242329855252225	0.903588023990025	0.421648588798197	0.760193381371858	1.34075814206743	0
1.30091353634199	1.10239989921411	0.350538150459623	1.67640333316204	1.42652721747402	1.91774272165251	0
1.51377919967407	1.40960657291281	0.86938363156854	0.847465616501809	0.325616896798354	-0.141487287823427	0
0.764916046632009	0.753273963687547	0.964710955829702	0.311834068134917	0.0825677629793361	-0.023921368309428	0
0.626580778088155	0.740724158179887	1.93330696857238	-0.404378997815002	-0.644606686018339	0.23563869099161	0
-0.633845371214713	-0.592586179880482	2.46150151654422	0.538429951350702	-0.0324597328620705	0.466850319545457	0
0.296176179053079	0.272355150004344	0.415022876000228	0.842403973326445	-0.305331021035771	1.31285405313551	1
0.979360818933313	0.939769589929407	0.224633135405548	0.309318985487457	1.63047334501804	1.76733686429753	1
0.0606396563340968	0.226447992103978	-1.12920390362414	0.690893852227297	0.938614555153661	0.38615034401689	0
-0.255494410746459	-0.234157452017285	0.419922787668569	0.341387076189586	1.11676798466523	1.64547564056922	0
-0.736555763984743	-0.647567046366149	-0.579749461966935	0.653838878315857	1.25178895157957	1.12495132488857	0
-0.875477431982901	-0.829338490632414	0.31203505166661	1.79678733913134	0.928345328108126	-0.0775972825272386	1
1.38734934819037	1.21202834980475	0.377681478119312	-0.0401626082458994	0.201618069008606	0.66630978210481	0
0.15342384109473	0.295283445463577	-0.0267998876518992	0.0184248097831268	0.20928675862092	1.53983096954076	1
0.913098567736798	0.865709647939969	-0.575992371358387	0.86210991343128	1.11915964358976	2.05403255125256	0
-0.320920089045231	-0.241275903969157	-0.170993579634962	0.378658460529077	1.13655542557277	0.0723334560901938	0
0.21706991681357	0.3134791311169	-0.198398275249988	1.05187431568678	1.61379534554671	1.06818810065554	1
2.47668879921564	2.14851199891356	0.204971539216809	0.478680999533299	0.995542493802258	0.443903238656663	1
-0.164087954204486	-0.20428309204447	-0.721202035393573	0.369738416158313	-0.0475075305178283	0.746308620872912	0
0.67109035966358	0.677340744868671	0.0784523389674615	2.23622956738505	1.42767415037629	0.543492550228481	0
0.950573130140312	0.928624167419032	0.282115795722809	0.323709885479355	0.606364803645294	-0.0218487349503033	0
-1.1934505400147	-1.01185618096488	0.8467171888865	0.81712172670099	0.353582880768973	0.760778583233946	0
0.647901410592385	0.69059618962374	-0.491065485735337	0.219639291050059	1.02971501782435	1.20317279639558	0
0.737953204552326	0.55504296681316	-0.564581270626611	0.122777918189406	0.243438394792137	1.48144041554271	0
0.0107788470606949	0.145258871833175	0.787701720560287	0.21895779493845	0.619627639499498	2.42292762691799	1
0.988061886781749	1.05096255229334	0.026374626367682	1.10978810707431	1.30671735323132	0.771598594969515	1
2.49629547749034	2.18126714452183	-0.613489528020813	0.229583153482258	0.607795621429837	0.212480980541029	0
-0.629194096874445	-0.67544630905313	-0.434034761882611	0.548594945893019	0.272666194844814	0.572494990573911	0
0.286466433172048	0.474097487455142	-0.278638237538504	1.42528618108053	-0.022359507519023	0.152512147497812	0
-0.0980599079337435	0.0467367692669014	-0.671032957862677	1.01220589075149	1.73316086823456	2.39262389982783	1
0.148523280450892	0.43822557696255	1.51959335502439	-0.294154477758942	0.332320947479616	0.348910268070114	0
2.37926487293305	2.08168926466682	0.0750929052480711	0.803569712222919	1.20113591322165	-0.280957719984321	1
-0.59799693619356	-0.413958316322273	1.03382183518024	0.282451040634645	0.611510810541262	0.746972248259359	1
2.66732451167637	2.31924145313242	-1.32154770893232	0.435486265041295	1.20918628083621	-0.259559102997239	0
0.892145211138896	1.0115325650744	2.02710089482921	0.334291174990541	0.564293823651331	0.158861811273654	0
0.401257896696565	0.557209685370892	-0.449044244464502	-0.219968196075986	-0.193885791618441	0.291615180149108	0
0.392150518787506	0.505950855219549	1.80885039218728	-0.125876876694389	-0.716801744756822	0.475803518589583	0
0.677453813953632	0.791206095609328	-0.915061538844545	1.17820764105996	0.823115183772164	-0.33121258693605	1
0.258574755648104	0.240470369417849	-0.960433953899388	-0.532323203719893	0.811275570120368	1.16932010545615	0
-2.11718226860168	-2.25657623140378	-1.9657500993831	1.62877415226251	0.369632345818689	2.51920745756696	1
-0.260613207798404	-0.0865225513648064	1.36134479299157	-0.911235041774187	-1.80375328436523	-0.251157003217511	0
0.982960832527212	1.21650965703395	-0.40686252444908	-0.377711724450019	-1.54602189028067	-0.326591239701435	0
0.221984671695334	0.322513765216188	1.7341923762316	-0.28077401772929	-0.921885310725451	-0.791893100820202	0
1.58483999042933	1.66736946464377	2.19987927319632	-0.505163301525965	-0.967637299711234	-1.32200538956679	0
0.0466175235432745	0.0899776681216838	-0.122907185811381	-0.582707486105263	-0.503351645067294	-0.811467223383962	0
0.2584132961917	0.247544383718962	1.05778390772666	1.1403004035355	0.574696922831982	0.828936001158642	0
0.249908286254612	0.287188131361384	-0.496286354892852	-0.700152244988122	-1.42787925631644	0.862363585859214	1
-1.66149134137579	-1.68489581454301	-0.521987143837418	1.06433011297839	1.32998452020413	2.23533170611493	1
1.51979489513494	1.39807117170869	-0.558383369112352	0.945198926650755	0.062108113052909	0.82090803334026	0
1.47537047898707	1.31734404977251	-0.0318313682909861	0.496072528478503	-0.211469564259278	0.92843298196365	1
1.2080175719577	1.03583766154079	-0.121687075356217	-0.0356242848329137	0.443455707477207	-0.289396367359243	1
0.310342028502898	0.286458740955809	-0.555172614229857	-0.183249248538284	-0.0939317285224961	-0.499238232290637	0
0.999743744594577	0.930610836874548	-0.258584294419066	2.26931832836057	1.68239199724909	1.90222634393429	1
1.40191618486159	1.39176179146721	-0.567313539252269	0.115252343922303	0.982635700860598	1.17211118759452	0
1.13450738802038	0.899722072598185	0.300826319351721	1.30157181536027	0.399761171802044	1.46535081764721	0
-0.577931606605882	-0.615250147934335	-0.10008498434783	1.45263888529217	1.69302866058037	1.07499845648662	0
0.171997888560341	0.0749631053296441	-1.46302624215587	2.00404872123153	-0.0451234671754338	1.68188377783588	0
1.76371311534903	1.49236939895362	2.32442139891217	0.151991752082293	0.0678047996536128	-0.605830255457716	0
0.331202235414414	0.32891355309198	0.298980813788979	0.526226764049649	0.98055071356474	1.57135038506059	1
1.6896440332934	1.50151895801177	0.103153675730671	-0.494660706715888	-1.28033982059705	-1.63564242485398	0
-1.70012007275064	-2.23644214477766	-2.09249231788779	1.67701872572472	1.03029418096208	1.18033728185001	1
-0.590921995727483	-0.631327383512646	0.010146213321396	0.750896200982273	0.235912122344842	1.47080121822547	1
0.513075667375654	0.608240197937298	-1.25454134311832	-0.20307086985375	0.876118105352875	0.160719006176888	1
0.745908187769794	0.543722858365316	-0.488543845461949	1.70585954673434	1.10778336044815	0.40087229242901	0
0.0322644875808086	0.344975465342445	0.269691672915833	1.15316698716691	0.958966917482441	-0.116037658442547	1
-0.75854796137083	-0.762035370057632	-0.942573023624168	0.314390858973965	0.315177718602564	0.936477300021988	1
0.431598967402558	0.546476460379634	-0.790876360336313	0.101355646653373	-0.407812514086894	-0.164478610537984	1
-1.16909234059438	-1.19487571028438	2.28927773383855	-0.365431416341879	0.408410640957446	1.77688348087418	1
0.657253639105661	0.670194710926671	1.83003948642651	0.4637793709312	0.992193791528811	1.06840353911143	1
0.528222693522086	0.662046531343402	0.582782163631322	1.28265675700159	-0.4499594499022	0.324576302121524	0
-0.566704851546547	-0.498935363237146	-0.705173040787251	0.0928109760069006	-0.00123429470808091	0.00474733478513561	1
-0.509853380094751	-0.496881271139098	0.09321933344632	-0.984203916430979	-0.405032531025751	1.11745618253699	0
1.65615361604764	1.45440508804336	-1.01744284792289	-1.02525264642373	-0.0331082056867843	-0.190973693497224	0
2.12789290352824	2.0041348377616	-0.327987811480317	-0.153468025850398	0.164656067447707	-0.542884716963691	0
-0.719268956471016	-0.609729152910635	-0.302841618197188	0.865596875637443	1.03545348012679	1.76214902933738	1
0.873199452067605	0.764237038596529	0.123906763380751	0.279101794155423	0.279321823689968	0.318148734261186	0
0.777220676633826	0.754757261823252	0.14644222708743	0.248380169789278	0.170067919718377	-0.57545920385009	0
0.575473537296905	0.625124972893209	0.590424963842242	-0.451166932359667	-1.11928404646973	-0.748191794754354	0
0.142239668749172	0.23162957541584	-0.22324770085471	-1.64922293152111	-1.62190650304087	-0.836247454705467	0
0.609002101557082	0.683636334115096	-1.14588071316266	0.584326274931797	0.261851984781144	0.819110468723925	0
-0.251699226381082	-0.0798438789221761	1.55474056007032	-0.127666394197619	-0.14663272571337	0.365547118114724	0
-1.18867240467297	-1.07354100338413	-0.788381859850612	0.983963936417305	0.477413656304002	0.200787673636048	0
1.27547391341971	1.25031521676621	-0.370995525034051	0.299890573347525	-0.0318862664109321	0.996267242204511	1
0.306097951363123	0.267087756056531	2.05078271956799	0.789811517627942	0.40037926229822	0.123043244424227	0
0.402156569385234	0.406529273308588	1.68480445258979	1.13387655508393	0.943056071806676	0.179046663388711	0
-0.84376661731708	-1.00264379626256	-0.929224378049667	0.0296309352211225	0.604804860964468	-0.104712712825985	0
-0.20341663893704	-0.228453343225799	-0.500888908887401	0.507856273022642	-0.113808417520117	-0.600653000064599	0
0.853826091578804	0.940898153025425	0.418268440610408	0.310218465921139	0.456137481298139	1.57540524456967	0
0.0499487337564555	0.0263306935714788	0.791428721404226	0.130163415888535	0.0523306999505676	0.654816525194582	0
-1.28877992906338	-1.63580523528219	2.34153067506753	-0.891448833074221	-1.05674961875827	0.623683744760772	0
